브랜드,카테고리,질문,답변
현대,차량구매,"보유중인 자동차를 팔고 싶은데, 어떻게 하면 좋을까요?",현대 인증중고차 (certified.hyundai.com) 의 내차팔기 서비스를 통해 판매할 수 있습니다.
현대,차량구매,폐차 의뢰 및 신청은 어떻게 하나요?,서비스/멤버십 > 내차 항목의 '친환경 폐차 신청'으로 들어가셔서 신청하시는 것이 가장 신속하고 정확합니다. 인터넷 신청이 불편하시면 유선전화 (1544-2738)로 문의하셔서 폐차 신청을 할 수 있습니다.
현대,차량구매,차량구입시 신용카드는 얼마까지 이용할 수 있나요?,"자동차 구입시 신용카드를 이용한 결제는 고객님 신용카드 한도내에서 희망하시는 금액
     까지 자유로이 결제가 가능합니다."
현대,차량구매,차량구입시 신용카드는 복수의 카드로 결제가 가능한가요?,"예, 가능합니다. 신용카드 갯수에 제한없이 결제가 가능합니다."
현대,차량구매,차량에 부과되는 세금은 어떤 종류가 있나요?,"현행 자동차관련 세금항목은 다음과 같습니다.

① 구입단계 : 개별소비세(8인승 이하 승용차限), 교육세(개소세의 30%), 부가가치세
② 등록단계 : 등록세,취득세
③ 소유단계 : 자동차세(연단위 부여)
④ 유류관련 : 교통세, 주행세, 교육세, 부가가치세
⑤ 기타 : 공채매입, 환경개선비용부담금(해당자동차限)"
현대,차량구매,신차 구매 시 타던 차량을 반납하면 신차 할인 받을 수 있나요?,현대 인증중고차의 내차팔기 서비스와 연계하여 신차 할인과 중고차 추가 보상 혜택을 받을 수 있습니다.
현대,차량구매,차량구입시 의무보험료란 금액을 납부하였습니다. 이것은 어떤 종류의 보험인가요?,"의무보험은 차량이 출고센터를 동해 출고되어 임시운행기간동안에만 유효한 보험입니다.

이는 임시운행 기간중 발생되는 교통사고 피해자의 피해배상 보장을 위한 자동차 손해배상
보장법 개정으로 임시운행허가 차량의 의무보험 가입이 법제화 되었습니다.

보상책임기간은 출고일부터 임시운행허가 기간인 10일(기간 만료일 24시까지)동안이고
보험료는 차종별 정액보험료가 적용됩니다. (대부분의 경우 1만원 이내)

따라서 차량을 구입하신 고객께서는 임시운행허가기간 종료 이전에 1년만기 책임보험,
혹은 종합보험에 반드시 가입하셔야 합니다.

의무보험은 1회 소멸성 보험으로 임시운행증을 반납하거나 다른 책임보험에
가입하시는 경우 자동으로 해지가 됩니다."
현대,차량구매,현대자동차 차량을 구입하려면 어떻게 해야하나요?,"현대자동차에서는 전국 정식 지점/대리점을 통해서만 차량을 판매하고 있습니다.
그 이외의 유통경로(인터넷 등)로는 차량 공급이 되지 않사오니 차량 구입시 주의해주시기
바라며 전국 어느곳에서나 같은 제품,같은 가격으로 바른거래를 실천하고 있습니다.

참고로, 현대자동차 홈페이지 구매상담 신청을 이용시
고객님께서 원하시는 지점,대리점을 선택하여 상담신청을 하시면 현대자동차의 전문영업사원이
신속하고 친절하게 차량구매에 관한 모든 궁금증을 해결해 드리겠습니다."
현대,차량구매,차량대금을 신용카드로 결제할 경우 소득공제가 가능한가요?,"불가능합니다.

조세특례제한법 제126조 3항 3호에 의거하여 신규로 출고되는 자동차 구입시 사용한 신용카드 금액은 소득공제 대상에서 제외됩니다.(2002년 12월1일 승인분부터 적용)"
현대,차량구매,자동차 리스로 차를 구매하고 싶어요,자동차 리스는 고객의 다양한 Needs에 맞는 맞춤형 상품 구입이 가능합니다 자동차 리스도 할부나 현금구매와 동일하게 현대자동차 영업사원에게 문의하시면 됩니다.
현대,차량구매,현대자동차에서 중고차를 구매할 수 있나요?,현대 인증중고차 (certified.hyundai.com) 의 내차사기 서비스를 통해 구매할 수 있습니다.
현대,차량구매,자동차 리스에 대해 알고 싶어요,"자동차 리스란, 캐피탈사가 고객이 원하는 자동차를 대신 구매하여 고객에게
차량을 임대하여 제공하여 주고 고객은 캐피탈사에 매월 이용료를 납부하는 방식의
자동차 금융 상품입니다.

고객의 다양한 Needs에 맞는 맞춤형 상품 구성이 가능하며,
자동차 리스도 할부나 현금 구매와 동일하게 현대자동차 영업사원에게 문의하시면
됩니다."
현대,차량구매,포인트의 유효기간은 어떻게 되나요?,"지급된 블루멤버스 포인트는 60개월(5년) 간 사용 가능합니다. 유효기간 경과 시, 포인트는 월 단위로 익월 1일 소멸됩니다."
현대,차량구매,세이브오토를 취소하려고 하는데 취소 방법은 어떻게 되나요?,"세이브오토 프로그램을 신청하셨던 지점/대리점에 철회/해지신청서가 있습니다.
신청서를 작성하신 후 해당 지점/대리점에 철회/해지 요청을 하시면 됩니다."
현대,차량구매,장애인 조건으로 차량구입시 혜택을 알고 싶습니다.,"장애인 조건으로 차량 구입시 혜택은 크게 3가지 입니다.

① 차량 개소세 면세

② 지방세(취득세, 등록세, 자동차세)면세(서울시 기준)

③ 공채매입 면세

장애 대상별 면세 내용은 구매 가이드 > 제도 및 규정 > 세금 > 장애인 면세 메뉴에서 확인 가능합니다.

※지방세 면세내용은 각 지방자치단체 조례에 따라 상이하므로 반드시 해당 지방자치단체로

문의 및 구입전 확인을 요합니다."
현대,차량구매,고엽제 후유증 환자의 면세조건에 대해 알고 싶어요,"고엽제후유증환자 지원에 관한 법률에 적용되는 장애우(友) 고객께서는 2004년 1월 1일
이후 출고되는 차량구입시 개소세 면제를 받으실 수 있습니다.

고엽제후유증 환자 고객의 LPG차량구입 및 개소세 면제는 경도장애 이상의 경우에 가능하며,
국가보훈처에서 발행한 고엽제법 적용 대상 확인원 상에 장애등급이 표기되어 있으면
가능합니다."
현대,차량구매,광주민주화운동 부상자 면세조건에 대해 알고 싶습니다.,"""광주민주화 유공자 예우에 대한 법률""에 적용되는 장애우(友) 고객께서는 2004년 1월 1일
      이후 출고되는 차량구입시 개소세 면제를 받으실 수 있습니다.

     광주민주화운동 부상자 LPG차량구입 및 개소세 면제는 장애 1~14급의 경우에 가능하며,
     국가보훈처에서 발행한 ""광주민주유공자증"" 상에 장애등급이 표기되어 있으면 가능합니다."
현대,차량구매,장애인 가족이 사망했을 경우 장애인용 LPG 차량은 어떻게 해야하나요?,"LPG 승용자동차를 사용하는 장애인 및 국가상이유공자가 사망할 경우,
유가족이 당해차량을 계속 사용이 가능하도록 기존의 사용제한규정(당사자 사망일로부터 1년)이
폐지되었습니다.

개정법령은 산업자원부령으로 확정, 2003.8.11일부로 공포/시행되었으며,

적용대상은 2002.9.30일 이후 LPG 승용자동차를 소유하던 장애인 및 국가상이유공자가
사망한 경우로 그 사망당시 당해 차량을 소유한 보호자 또는 상속받은자가 동 차량을
계속 운행하는 경우에만 해당됩니다."
현대,차량구매,장애인차량 구입조건에 대해 알고 싶습니다.,"장애인 조건의 차량구입은 장애인 단독명의, 장애인과 주민등록표상 세대를 함께하는 배우자,
직계존비속,형제자매 또는 직계비속의 배우자 공동명의로 구입이 가능합니다.

단, 몇가지 조건이 붙는데 장애인 공동명의 조건으로 구입하신 차량은 차량출고후 5년간
동일조건(주민등록법상 동일세대)를 유지해야 하고 이 조건이 충족되지 않을때 면세받은 금액을
납부하셔야 합니다.
또한 재구입연한이 만 5년으로 되어있어 기간내에 동일차량을 계속 보유하셔야 되며, 이또한
조건 불충족시 면세받으신 세금을 납부하시게 됩니다."
현대,차량구매,현재 장애인조건의 차량을 보유하고 있습니다. 장애인조건 차량의 추가구입이 가능하나요?,"불가합니다.
     장애인조건의 차량구입은 장애인 1인당 1대에 한하여 가능하고 신차 구입후 만 5년후 이후
     다시 신차구입이 가능합니다."
현대,차량구매,차량구입에 관련된 금액은 어떠한 결제방식이 있나요?,"차량구입에 관련된 금액의 결제는 현금, 신용카드 및 할부이용 등의 방법이 있습니다.
그 이외 현재 보유차량 매각대금 대체 및 직불카드 등의 이용은 불가합니다."
현대,차량구매,차량 대금을 신용카드로 결제하려고 합니다. 계약자 이외의 다른 사람의 카드로 결제가 가능한가요?,"자동차 구입대금 결제시 본인 이외의 제3자 신용카드를 이용한 결제는 불가능 합니다.

2001년 6월 재정경제부와 관련부처의 법률해석 결과, 당사자간의 동의여부를 불문하고
구매자 이외의 신용카드를 이용한 거래는 여신전문금융법 제19조에서 <위장매출전표
작성행위>에 해당됩니다.

따라서 계약자 본인 이외의 제3자 신용카드는 사용하실 수 없습니다."
현대,차량구매,할부금을 카드로 결제할 수 있나요?,"불가능합니다.
할부금은 금전채무로 분리되어 있으며, 여신전문금융업법상 금전채권은 카드로
결제할 수 없게 되어있습니다."
현대,차량구매,차량 구입시 견적에 포함되는 공채매입과 할인의 차이는 무엇인가요?,"차량을 구입하시는 모든 분께서는 반드시 관할지역(광역시 또는 지방)에서 발행하는
공채를 의무적으로 구입하시도록 되어있습니다.(도시철도법 시행령 등)

이는 지하철이 있는 광역시에서는 지하철 건설에 쓰이는 재원으로 쓰이고 기타 도시에서는
도로확충 및 유지보수에 사용되는 재원으로, 각 지방자치단체에서 7년 거치후 원리금을
일시에 상환해 드리고 있습니다. 이것이 공채매입 입니다.

다만, 7년간의 보유기간 중 분실 등의 위험이 있으므로 원하시는 고객께서는 채권할인
전문업체나 증권사에서 7년 동안 예상되는 자치단체의 이자수익을 제외한 금액을
채권구입과 동시에 돌려드립니다. 이것을 할인매도라고 합니다.

공채할인율은 차량등록일을 기준으로 매일매일 약간씩 변동되오니
차량등록전 공채할인율을 확인하시기 바랍니다."
현대,차량구매,근저당 설정이 되어 있습니다. 어떻게 해야하나요?,"할부금 완납을 하셨다면 해당 관청에서 근저당 말소 신청을 하셔야 합니다.

차량에 근저당 설정이 되어 있는 경우 할부금 완납을 하셨어도 자동 해지가 되지 않으므로
해당 관청에서 등록원부 갑,을부 서류를 발급받은 후 설정권자가 현대자동차인지 확인하여
설정권자가 현대자동차인 경우는 등록원부 갑,을부를 지참하여 가까운 지점 방문후
근저당 말소 신청서를 수령 받은 후에 관청에 말소신청 해주시면 됩니다.

※설정권자가 현대캐피탈인 경우 1588-2114로 문의해 주시기 바랍니다."
현대,차량구매,세금계산서 발급받으려고 하는데 어떻게 해야하나요?,"개인사업자 및 법인사업자 구입고객
2010년 7월 1일부터 세금계산서가 서면이 아닌 전자 세금계산서로 발행이 됩니다.
사이트: http://e-vat.hyundai.com 에서 발급받으시면 됩니다.

개인 구입고객
2011년 4월11일부터 차량구입하신 지점(대리점)에서 영수증이 발행됩니다.

※재발행은 차량구입하신 지점(대리점)으로 문의해 주시기 바랍니다."
현대,차량구매,차량계약 후 예상납기일에 대해 알 수 있나요?,계약하신 지점(대리점)에서 확인 가능합니다.
현대,차량구매,차량계약 후 해지 시 계약금은 환불 받을수 있습니까?,"차량 출고전 해지요청시에는 계약금 환불이 가능하며,
자세한 사항은 계약하신 지점(대리점)에 문의 바랍니다."
현대,차량구매,차량구입시 장착되는 타이어는 선택이 가능한가요?,당사에서 생산되는 차량은 타이어 제조사別 임의 선택은 불가합니다.
현대,차량정비,"(상용) 수동재생 진행 중, 시동을 꺼도 되나요?","재생 중에는 끄지 말아 주시고, 수동재생 탈출 후엔 바로 시동을 꺼도 됩니다.
배기정화장치 DPF 내부 이상 고온 현상으로 DPF 및 엔진이 손상될 수 있습니다"
현대,차량정비,(상용) 주행 중 갑자기 엔진 출력이 떨어지면서 노킹 현상이 나타납니다. 왜 그런가요?,"엔진 출력이 급격히 떨어지고 노킹 현상 Knocking, 엔진의 연료실 벽을 작은 망치로 두드리는 듯한 소리가 나는 현상이 지속적으로 발생하면 엔진의 오버히트를 의심해 봐야 합니다.
오버히트는 냉각수가 부족하거나 샐 경우, 워터펌프 구동벨트가 끊어진 경우, 냉각팬이 돌지 않을 경우 등 여러 가지 원인으로 인해 엔진이 과열돼 증기가 끓어오르는 현상입니다.
이때는 계기판에 있는 냉각수 온도 게이지가 적색 눈금 H을 가리키게 됩니다.
겨울철에는 냉각수에 부동액이 들어있지 않거나 엔진 내부가 동결되어 냉각수가 순환하지 못할 때에도 동일한 현상이 발생합니다.
주행 중 엔진이 과열돼 오버히트 현상이 발생했을 때는 당황하지 말고 비상경고등을 켠 채 가능한 빨리 도로 옆 안전한 곳에 차를 세웁니다.
이때 시동을 바로 끄면 엔진이 고착되기 때문에 변속 레버를 중립에 놓고 약 2 ~ 3분간 시동을 그대로 켜놓은 상태에서 엔진 실내에 통풍이 잘 되도록 후드를 열어 놓고, 냉각수 온도 게이지가 정상 C에 가까워질 때까지 엔진을 냉각시킵니다.
후드를 열 때는 뜨거운 수증기나 물이 뿜어져 나오거나 후드 자체가 뜨거울 수 있으므로 주의해야 합니다.
공회전 상태에서도 냉각수 온도 게이지가 떨어지지 않으면 시동을 끄고 자연적으로 엔진을 냉각시킵니다.
만약 냉각수가 차 밑으로 흘러넘치거나 수증기가 후드 위로 새 나올 경우에는 엔진을 정지시키고 차량을 견인해 정비공장에 입고 후 누수 부위를 점검하고 정비를 받아야 합니다."
현대,차량정비,(상용) 주행 중 갑자기 시동이 꺼지는 현상이 발생합니다. 어디에 문제가 있는 것일까요?,"주행 중 시동이 꺼져 당황하신 적이 있을 것입니다.
시동 꺼짐 현상은 보통 연료계통과 점화계통, 엔진 전자제어계통 등에 이상이 있을 경우 발생합니다.
전자제어 가솔린 엔진의 경우 연료 펌프와 연료 필터 막힘, 인젝터·점화 코일·컴퓨터 ECU 고장, 엔진 관련 센서 이상, 엔진 관련 휴즈 단선, 엔진 배선 합선 등이 원인이 될 수 있습니다.
LPG를 사용하는 엔진의 경우에는 연료계통 부품 종류가 다를 뿐 가솔린 엔진과 큰 차이는 없으나 베이퍼라이져, 믹서 등의 고장으로 인해서도 시동 꺼짐 현상이 발생할 수 있습니다.
디젤 연료를 사용하는 엔진은 기계식과 전자제어식 커먼레일 엔진으로 구분할 수 있는데, 기계식인 경우는 연료 필터 막힘, 연료계통 공기 유입, 인젝션 펌프 고장으로 인해 시동 꺼짐이 발생할 수 있고, 전자제어식인 경우 엔진 관련 센서, 연료 필터 막힘, 연료에 이물질 유입, 커먼레일시스템고압 펌프·레일 압력 센서·인젝터 등, 엔진 관련 휴즈 단선, 배선합선, ECU 고장 등으로 인해서도시동 꺼짐이 발생할 수 있습니다.
시동 꺼짐 현상은 운전자의 안전과 직결되는 것이므로 고장 발생 시 정비업체를 필히 방문하여 점검 및 정비를 받아야 합니다.
또한 정기적으로 차량 점검을 받아 이상이 없는지 체크를 해주는 것도 시동 꺼짐 현상을 예방할 수 있는 방법입니다."
현대,차량정비,(상용) 유로6차량 DPF의 자동재생은 언제 작동하나요?,"수트게이지가 5칸에 도달 후, 잠시 후 자동재생 실시됩니다.
F/G : 엔진 게이지가 1~5칸에 있더라도 주행거리[버스 400km or트럭 700km]에 도달할 경우에도 재생됩니다"
현대,차량정비,(상용) 자동재생 도중 신호대기 및 차량 주/정차 시 재생은 어떻게 되나요?,"주/정차 및 신호대기 시 IDLE UP되며 재생은 하지 않고, 일정시간 이상 유지 시 재생을 탈출하며, 재주행시 재생 돌입조건에 해당되면 자동재생 됩니다."
현대,차량정비,(상용) 자동재생 중 아이들 RPM은 왜 높은가요?,"DPF 이상고온에 따른 파손 방지 목적으로 재생 중 아이들 RPM은 상향조정됩니다.
F엔진 900, G엔진 1000, H/L엔진 800"
현대,차량정비,(상용) 자동재생 도중 차량을 멈추고 시동을 꺼도 되나요?,"차량을 멈추고, 시동을 꺼도 됩니다.
단, 녹색 재생 등이 소거된 후 (약 2분간 소요), 시동 끄시기를 권장합니다. (DPF 이상고온에 따른 파손 방지)"
현대,차량정비,(상용) 자동재생 돌입 가능 조건은 어떻게 되나요?,"엔진이 충분히 웜업 되고,차속이 10km/h↑에서 자동재생 됩니다.
F/G : 냉각수 65℃↑, H/LDOC 후단센서 200℃↑, 냉각수60℃↑"
현대,차량정비,(상용) 수동재생은 언제 하나요?,"① 검댕이게이지가 6~8칸에서 황색 수동재생 경고등 점등 시, 진행하시면 됩니다.
9칸 이상에서는 서비스센터 조치 필요
② 고객이 수동재생을 원할 경우 1~8칸까지 검댕이게이지와 무관하게 돌입 가능합니다."
현대,차량정비,"(상용) 수동재생 시, 주의해야 할 사항은 무엇인가요?","수동재생 시, 배기정화장치 주변 부가 매우 고온이므로 화재 및 안전사고가 발생할 수 있으므로 인화성 물질이 없는 개방된 공간에서 수동재생을 권장합니다. (배기가스 신체노출 삼가)"
현대,차량정비,(상용) 수동재생 후 검댕이 게이지가 남아 있어도 상관없나요?,"문제없습니다.
검댕이 게이지가 1~2칸 정도 남아 있을 수 있지만, 수동재생이 30분 정도 진행 후 정상적으로 종료되었다면 상당량의 검댕이가 제거된 상태이므로 안심하셔도 됩니다. (게이지 변화 없을 시 재실시 필요)"
현대,차량정비,(상용) 수동재생  가능 조건은 어떻게 되나요?,"충분한 엔진 웜업수온게이지 중앙위치, 차량 정차 상태파킹브레이크 체결, 기어중립+수동재생버튼을 3초 이상 누르면 수동재생 시작됩니다."
현대,차량정비,(상용 특장) 엑시언트 덤프차량 판 스프링 보증기간이 어떻게 되나요?,"엑시언트 덤프 차량 판스프링 보증기간을 아래와 같이 알려드리오니 참고하시기 바랍니다.
- 판스프링 센터부프론트/리어 18개월 거리 무관- 판스프링 끝단부프론트 2년거리 무관 적용시점 18년 3월 19일 이후 출고차량"
현대,차량정비,(상용 특장) 특장 어퍼바디 장착 작업 시 기술적인 지원이나 관련 자료가 필요한 경우가 많이 있습니다. 어디로 문의를 드리면 되나요?,"현재 특장 어퍼바디 작업 관련한 기술지원을 위해 상용 특장 웹사이트을 운영하고 있습니다
https://bbm.hyundai.com/login/index.do
위 웹사이트에 접속하셔서 회원가입을 하시면 바디빌더 매뉴얼 / 바디빌더 드로윙 / 프레임천공도 / 기술통신 / 인증자료 등 열람하실 수 있고 Q&A 게시판을 통해 기타 문의 사항에 대해 답변받으실 수 있습니다."
현대,차량정비,"(상용 특장) 법인명의지입, 개인사업자, 특장업체 출고 차량은 어떻게 등록하나요?",블루멤버스 실 운행자 등록을 통해 내 차를 등록하실 수 있습니다.
현대,차량정비,정비 예약 확인/취소는 어떻게 하나요?,마이페이지의 정비예약신청내역에서 확인 및 취소가 가능합니다.
현대,차량정비,정비관련 업체구분은 어떻게 하나요?,"하이테크센터와 서비스협력사로 구분되어 있습니다.

하이테크센터는 저희 현대자동차에서 직영으로 운영하는 정비거점이고
서비스협력사는 현대자동차와 협정을 체결후 규정에 의거 당사 고객에게 정비서비스를 제공하는 거점이며,
서비스협력사는 다시 종합블루핸즈와 전문블루핸즈로 나누어 집니다.

종합블루핸즈란 국가에서 자동차 종합정비업 및 소형정비업으로 등록된 정비업소이며,
전문블루핸즈란 국가에서 자동차 부분정비업으로 인가된 정비업소 입니다."
현대,차량정비,차량의 연비가 안 좋은데 어떻게 해야 하지요?,"많은 분들이 연비에 대해 질문을 하십니다.

질문의 유형은 대략 두 가지 정도로 요약할 수 있습니다.
첫 번째는 차량에 부착되어 있는 연비 표시 스티커상의 연비와 실주행시의 연비가 틀린 경우,
두 번째는 종전보다 연료가 짧은 시간에 과다 소비될 때입니다.

첫 번째 질문에 대한 답변은 연비의 정의나 측정방법에 대해 정확히 알지 못해 제기될 수 있는
질문입니다.
현재 국내에서 실시되고 있는 연비 측정방법은 0K모드(주행거리 160km이내의 차량을 가지고 테스트)로
사용할 운전자가 체감하는 성능과 제원표상 제원과 오차를 최대한 줄이기 위해 정밀 측정되고 있습니다.
하지만 운전자가 운행하는 구간의 교통흐름과 도로 상태, 운전 방법, 차량 적재물의 무게, 차량 상태 등
연비에 영향을 끼칠 수 있는 요인에 따라 실제 표시연비와는 차이가 날 수 있습니다.

두 번째는 차량의 상태와 밀접한 연관이 있습니다.
현재의 운행되는 대부분의 차량들은 연료 분사량을 일정하게 유지시켜주기 위해 전자제어를 사용하고
있는데, 이 연료 분사량을 결정하는 센서의 고장, 또는 엔진내부의 청결함이 떨어질 때,
소모품(엔진오일 · 점화플러그 · 점화케이블 · 배전기캡 · 로터 등)을 제때 교환하자 않았을 경우에도
연비가 나빠질 수 있습니다. 즉, 연료가 비정상적으로 과다 소모되는 것이지요.

이런 경우 정비업체를 방문해 전문 진단장비를 사용, 엔진 상태를 점검 받아 보는 것이 좋습니다."
현대,차량정비,인터넷으로 정비예약은 어떻게 하는건가요?,"현대자동차 홈페이지 주요 메뉴중 [서비스네트워크 검색/예약] 를 접속하셔서 예약을 클릭하시면 됩니다

고객님의 이력을 관리하기 위하여 회원로그인을 한 후 신청을 할 수 있도록 하였습니다.

정비예약 안내멘트에 따라 해당항목을 클릭하셔서 현재일로 부터 2주 후까지 신청하실 수 있습니다.

※ 현대자동차홈페이지 > 고객서비스 > 서비스네트워크 > 서비스"
현대,차량정비,탬퍼러리 타이어(임시타이어)를 적용하는 이유가 뭔가요?,"템퍼러리 타이어는 풀사이즈 타이어 대비 중량이 약 3~5kg 이상 감소되어 연비 효율성이 높으며,
작은 부피로 트렁크의 공간 활용도가 향상되는 장점이 있습니다.

이와같은 이유로 전세계 자동차 제조사에서 템퍼러리 타이어를 공통적으로 적용하고 있는 추세입니다.

템퍼러리 타이어는 외관 상 일반 타이어보다 작아보이지만, 경도(단단하기)가 높아 주행중 심각한
장애가 없는 범위에서 타이어의 동반경(주행중 타이어 사이즈) 차이가 최소화 되도록 개발 되었습니다.

또한 주행 안정성을 위하여 제동시 쏠림, ABS 센서 오작동 등 템퍼러리의 안전성 검증 후
적용되었습니다.

다만, 주행중 타이어 펑크 등 비상 상황에서 템퍼러리 타이어로 장착 후 시속 80km를 유지한다면
템퍼러리 타이어는 실용적이며 안전하게 사용할 수 있습니다."
현대,차량정비,"자동차에서 소음이 생기는 경우, 리콜을 받을 수 있나요?","리콜을 잘못 정의하여 제품에 문제가 생겼을 경우 제품 자체를 교환해주는 것으로 알고 있거나,
어떤 고장이든 리콜 해야 한다고 생각하는 경우가 종종 있습니다. 이는 자동차회사에서 자체적으로
제품 성능을 높이기 위하여 실시하고 있는 서비스 활동을 리콜이라고 오해해서 발생되는 상황입니다.

리콜(Recall)은 사전적 의미로 불량 제품의 회수를 뜻하며 다른 용어로는 """"call back"""" 이라고도 합니다.

자동차 회사에서는 제품에서 """"안전에 관련된 문제"""" 가 확인되었을 경우 언론기관에 발표를 하고
대상고객에게 반드시 고객통지문을 발송, 불량의 원인이 되는 부품을 100% 수거해 점검하고
문제되는 부분에 대해 개선된 부품으로 교환 · 수리하는 것을 리콜로 정의하고 있습니다.

이 정의에 따르면 자동차에서 소음이 생기는 경우는 안전과 관련된 부분이 아니기 때문에 리콜은
받을 수 없습니다. 하지만 소비자의 만족도를 높이기 위하여 차후에 개선된 부품을 무상으로
교체해드리거나, 보증수리를 통해 문제를 해결합니다.

리콜은 소비자의 재산과 생명을 보호하며 동시에 기업의 신뢰성, 성실성을 가늠할 수 있는 잣대입니다.
기업은 소비자에게 피해가 발생하지 않도록 제품의 제작, 생산, 판매뿐 아니라 리콜, 보증수리를
해주며 끝까지 최선을 다해야 할 것입니다."
현대,차량정비,에어백은 언제 터지나요? 에어백의 작동 조건을 알고 싶습니다.,"에어백은 모든 충돌시에 무조건 작동되는 것은 아닙니다.
사소한 충돌에도 에어백이 펼쳐지면, 이를 다시 장착하는 데에 많은 시간과 경제력이 소비되기 때문에
정확한 조건하에서만 작동 되도록 설계되어 있습니다. 충돌방향, 충돌부위, 충돌정도가 작동조건에서
벗어나 있으면 에어백은 작동하지 않습니다.

정면 에어백 :
정면 에어백(운전석 및 동승석[사양 적용시] 에어백)은 일반적으로 차량 정면, 가운데를 중심으로 약간 왼쪽부터
약간 오른쪽까지 충격이 있을 때, 정면 충돌 센서에 충격이 전달되면 충돌의 세기, 차량의 속도 또는 충돌 각도에
따라 에어백 제어 모듈에서 판단하여 작동되어 집니다.

측면 에어백 :
측면 에어백(사이드 및 커튼 에어백)은 측면 충돌 시, 측면 충돌 센서에 충격이 전달될 때 충돌의 세기, 차량의 속도
또는 충돌 각도에 따라 에어백 제어 모듈에서 판단하여 작동되어집니다."
현대,차량정비,"에어백을 장착하는 것이 오히려 사고시 위험하다는 이야기가 있던데, 정말인가요?","에어백의 역할은 치명적인 사고로부터 운전자와 탑승자를 좀더 안전하게 보호하는 것입니다.
하지만 갑작스런 팽창시에는 가벼운 찰과상 등을 입을 수도 있습니다. 또한 정상 체중의 성인을
기준으로 개발됐고 충격시 작동시간도 0.05초 정도밖에 되지 않기 때문에 간혹 작은 체구의 여성이나
어린이에게 뜻밖의 충격을 입힐 수도 있습니다.

따라서 조수석에 에어백이 설치된 차량에는 어린이나 작은 체구의 여성을 태우는 일은 삼가는 것이
좋습니다. 이외에도 에어백을 좀더 안전하게 이용하기 위해 지켜야 할 일반적인 주의사항이
있습니다.

운전대에 너무 가깝게 다가선 자세로 운전한다거나 에어백이 장착된 공간 위에 손이나 발, 물건 등을
올려놓는 것은 피해야 합니다. 만일의 경우 손과 발에 의한 충격으로 에어백이 터질 수 있고, 에어백이
작동될 때 올려놓은 물건에 의해 부상을 당할 수 있기 때문입니다. 그리고 """"안전벨트의 작용을 보조하여
충돌 시에 탑승자의 충격을 경감시키는 것""""이라는 에어백의 원래 의미를 생각해 볼 때 무엇보다
안전벨트를 착용하는 것이 에어백의 효과를 높이는 지름길일 것입니다.

에어백을 장착한 차량은 그만큼 더 안전하다는 것을 의미하지만 사고시 100% 안전을 보장하는 것은
아닙니다. 에어백은 어디까지나 안전 보조기구입니다. 따라서 무엇보다 중요한 것은 사고가 나기 전에
운전자 자신이 안전운행을 하려는 노력을 기울이는 것입니다."
현대,차량정비,냉매량이 부족한지 에어컨 냉방성능이 떨어진 것 같습니다. 어떻게 하면 좋을까요?,"에어컨 바람은 정상적으로 나오지만 냉방이 안 되는 경우에는 우선 바람의 온도가 어느 정도인지
손으로 체크해 봅니다. 시원하지 않거나 더운 기운이 느껴지면 에어컨의 냉매가 부족해 찬 공기를
내뿜지 못하는 상태입니다.

에어컨 냉매는 소모되는 것이 아닙니다. 따라서 신차 출고 이후 3년 이내에 충격이나 사고가 없었는데
이와같은 현상이 발생하면 차에 이상이 있는 것이니 정비공장을 방문하여 검사를 받아 보는 것이
좋습니다. 정비공장에 입고하여 에어컨 냉매압 시험이나 형광물 투입법, 냉매 누출 센서기를 이용하여
냉매 누출 여부를 확인하고 냉매를 채워주어야 합니다.

위와 같이 냉매가 눈에 띄게 줄어들지는 않았더라도 에어컨 시스템에는 숨구멍이라는 것이 있어
미세량이 빠져 나갈 수 있기 때문에 예방점검 차원에서 2~3년 주기로 냉매량을 점검해 주어야 합니다.

또 여름철만 되면 냉매를 교환해야 되는 것으로 아는 운전자들이 많은데, 이는 잘못된 상식입니다.
본격적인 여름철이 되기 전에 냉매의 누출 여부를 확인한 뒤 부족분만 채우면 됩니다.

에어컨 관리를 잘 할수록 쾌적하고 시원한 여름을 보낼 수 있다는 것을 잊지 말아야 하겠습니다."
현대,차량정비,"오랜만에 에어컨을 켰는데, 냄새가 납니다. 어떻게 청소하면 좋을까요?","오랜만에 켠 에어컨에서 냄새가 나는 것은 바람이 방출되는 에어컨 내부 청소를 제대로 하지 않아,
남아있던 수분과 먼지가 곰팡이 균으로 변했기 때문입니다.

에어컨을 자주 사용하더라도 대부분 단순히 스위치 조작으로 작동시키는 것에만 신경을 쓸 뿐
내부 청소에는 소홀하기 마련입니다.
그렇다고 청소를 하려고 인스트루먼트 판넬(크러쉬패드)을 모두 떼거나 정비소를 방문해 청소하기는
번거롭기만 합니다. 그래서 많이 사용하는 것이 스프레이 형식의 보조용품입니다.
하지만 냄새 제거 효과가 오래 유지되지는 않습니다.

더 큰 효과를 보려면 냄새의 원인인 차량 내부의 수분과 먼지가 차량 외부로 방출될 수 있도록
환기를 시켜주어야 합니다. 에어컨을 환기시킬 때에는 차문을 전부 열고 히터 위치에서 송풍을
고단에 놓는 것이 좋습니다. 이렇게 하면 쌓여 있던 먼지가 밖으로 방출이 되고,바람이 나오는
방출구 내부가 마르면서 냄새가 제거됩니다.
또 항균 필터(에어컨 필터)가 장착되어 있는 차량은 항균 필터 상태를 확인하고 자주 교환해 주는 것이
좋습니다. 교환 주기는 주변의 대기환경 오염 정도에 따라 다르지만 평균 10,000～20,000km사이에
교환해 주는 것이 좋습니다.

★올바른 에어컨 사용요령 안내★

①에어컨 스위치를 항상 켜놓지 맙시다.
☞에어컨 스위치를 켜둔 상태에서 차 시동을 걸 경우, 에어컨 컴프레셔(압축기)를 함께 작동시키는
과정에서 부하가 발생되고, 시동모터와 배터리에도 무리를 줄 수 있으므로 시동 후나 신호대기시
켜는 것이 좋습니다.

②목적지 도착 3분 전에 에어컨을 끄십시오.
☞에어컨을 끌 때는 목적지 도착 2~3분 전에 미리 끄는 게 좋습니다.
에어컨을 사용하면 외부와의 기온 차 때문에 에어컨 에바퍼레이터(증발기)에 응축수가 생깁니다.
목적지 도착 2~3분 전에 에어컨 스위치를 끈채 바람만 나오게하면 공기통로에 남아있는 수분을
건조시켜 곰팡이가 증식하는 것을 방지할 수 있습니다.
그렇지 않으면 응축수가 먼지와 엉겨 곰팡이가 증식하게 되고 냄새를 유발하는 원인이 됩니다.
아울러 에어컨을 꺼도 한동안 시원한 상태가 유지돼 조금이라도 연료를 아끼는 효과도 있습니다."
현대,차량정비,"겨울철 창문에 생기는 김서림, 신속히 제거하는 방법이 없을까요?","겨울철 차량 창문 안쪽 김서림으로 바깥이 보이지 않아 운전하는 데 장애가 된 적이 많으실 겁니다.

아무리 닦고 닦아도 사라지지 않아 짜증을 낳는 김서림. 김서림은 대기 중에 포함되어 있는 수분과
온도 때문에 생기는 현상입니다. 대기 중 수분은 찬 곳으로 이동해 열을 뺏으려는 성질이 있는데,
차량 내부의 수분이 차가운 차창 주위 에 몰려 김이 서리게 되는 것입니다.

특히, 겨울철에는 창문을 꼭 닫아 둔 채 오랜 시간 운행하는 경우가 많아 운전자와 탑승자의 호흡으로
배출된 습기가 차 안의 습도를 더욱 높이게 됩니다.

이러한 김서림을 없애기 위해선 차량 내부 온도와 바깥 온도를 같도록 유지시켜 주는 것이 가장 좋은
방법입니다. 차장을 열고 신선한 공기를 유입시켜 안팎 온도를 순간적으로 맞춰 주면 금방 없어
집니다.

제습 기능을 하는 에어컨을 작동시켜 강제로 습기를 없애는 것도 좋은 방법입니다.

현재 생산되는 차량들은 풍향을 창문이나 창문과 발 아래쪽으로 조정할 때 자동으로 에어컨이
작동하도록 되어 있는데, 2000년 이전에 생산된 차량들은 에어컨을 수동으로 켜야 하기에 여러 번
스위치나 컨트롤러를 작동해야 하므로 불편할 수 있습니다.

이러한 불편함을 없애기 위해서는 김서림이 생기지 않도록 미리 예방하는 것이 가장 좋은 방법일 것
입니다. 평소 차량 실내가 눅눅해지지 않도록 히터를 사용해 적정한 습도를 유지해 주는 것이
중요하며 시중에 판매되고 있는 김서림 방지제를 이용하는 것도 한 방법입니다."
현대,차량정비,"자동변속기 차량의 HOLD, O/D OFF 버튼은 어떤 때 써야 합니까?","HOLD는 ‘잠근다’라는 표현이 적절한 것 같습니다.

눈길이나 빙판길에서는 스노우 체인을 써서 출발하거나 주행하는 것이 큰 도움이 되겠지만
스노우 체인을 당장 감고 운행할 수 없을 때는 회전력이 큰 1단 기어보다 2단 기어로 출발하는 것이
타이어의 슬립을 줄여 출발을 쉽게 합니다.

자동변속기는 모든 출발이 1단이고 사용자의 마음대로 변속을 할 수 없으므로 HOLD를 사용하면
D상태에서 2단으로 출발하므로 운행을 쉽게 합니다. 또한 2, 1(L) 변속 레버를 변경시 HOLD를
작동시키면 기어를 고정시켜 주는 구실을 합니다.

O/D OFF는 ‘over drive off’ 즉 ‘높은 단수를 제어한다’는 의미입니다.

D레인지 상태에서 언덕길 주행이나 급가속이 필요한 경우 O/D OFF를 쓰게 되면 4단으로 주행하던 것을 3단으로 내려 주행시키고 4단으로는 변속이 되지 않게 하는 구실을 합니다.

간혹 D레인지 상태에서 언덕길을 주행하다 보면 60km이상에서 엔진에 힘이 떨어지고 가속 페달을 깊게
밟아도 차량이 탄력을 받지 않는 것을 경험하셨을 것입니다. 수동변속기 차량이라면 운전자가 직접
변속을 제어할 수 있지만 자동변속기 차량은 컴퓨터의 신호에 따라 변속이 되므로 적절한 변속을
이룰 수 없는 경우가 있기에 O/D OFF를 쓰면 운행이 쉬워집니다.

또한 HOLD의 기능과 같이 2(2단 출발 2단 주행), 1(L:1단 출발, 1단 주행)에서 기어를 고정시켜 주는
일을 합니다. 자동변속기 차량을 잘 알고 쓰면 수동변속기보다 더 편하고 경제성 있게 운행할 수
있음을 잊지 말아야 합니다."
현대,차량정비,블루투스 등록 방법,"블루투스 휴대폰 등록(AVN)

1. 스티어링 리모트 컨트롤의 “통화”버튼 또는 헤드유닛의 “PHONE” 버튼을 누릅니다.

2. ”신규기기 검색” 메시지 창이 표시되면, “예”버튼을 선택 합니다.

3. 폰 신규 검색창이 표시되면, 주변에 있는 블루투스 휴대폰을 검색합니다.

4. 검색목록 화면에서 연결을 원하는 리스트를 선택합니다. 만약 검색결과가 표시되지 않으면 “재검색”버튼을 누릅니다.

5. 블루투스 휴대폰에서 인증번호를 입력한 후 블루투스 휴대폰의 “확인”버튼을 누르면 헤드유닛과 연결됩니다.

6. 인증번호 입력이 되지 않거나 등록에 실패할 경우 “재시도” 메시지 창이 표시됩니다. “예” 버튼을 선택하여 등록을 재시도 합니다.

블루투스 휴대폰 등록

1. “SETUP” 키를 누르십시오.

2. “PHONE” 메뉴를 선택하십시오.

3. “PAIR”를 선택하십시오.

4. 폰의 이름을 말씀하십시오. (예: 홍길동, 현대/기아 자동차 등)

5. 블루투스 등록 모드 화면으로 변경되며 이전 연결된 폰은 연결 해제됩니다.

6. 블루투스 휴대폰을 이용하여 핸즈프리 기기를 검색 하십시오.

※ 블루트스 등록방법은 휴대폰 제조사 마다 상이하므로 휴대폰 설명서를 참조하십시오.

7. 블루투스 휴대폰에 비밀번호 요구 시 블루투스 등록 모드에 표시된 인증번호(“0000”)를 입력하십시오.

8. 등록과정이 종료되면 “등록이 완료 되었습니다.” 또는 “등록이 실패하였습니다.”라고 음성안내를 합니다.

※ 현대자동차 홈폐이지 > 고객서비스 > 차량 관리 서비스 > 스마트기기 연계 서비"
현대,차량정비,"차량별 와이퍼 사이즈,핸들사이즈,전구 규격 사이즈 문의","취급설명서 8장 차량 제원편 확인 바랍니다.

상세하게 수록되었습니다.

※ 현대자동차 홈폐이지 > 하단 '자료실' 에서"
현대,차량정비,타이밍벨트 체인 적용 여부 문의,"요즘 대부분 차량에서는 반영구적인 타이밍 체인을 사용하고 있습니다.

고객님 차량에 타이밍벨트가 적용될 경우 취급설명서 7장 정기점검편에 점검주기가 수록되어 있습니다.

취급설명서를 확인 하십시오.

※ 현대자동차 홈폐이지 > 하단 '자료실' 에"
현대,차량정비,여름철에 세차시 헤드램프에 습기가 차요!,"세차장까지 차를 주행하게 되면 엔진룸의 열이 헤드램프의 뒷면을 뜨겁게 만듭니다.
이때 차가운 물로 세차를 하면 헤드램프 표면과 내부의 온도차에 의해 내부에 습기가 생깁니다.
단, 여름이 아닌 다른계절에는 램프가 많이 뜨거워지지 않아 습기 생성이 적어집니다.

※ 습기는 유리의 내/외부 온도 차이에 의해 생기는 자연현상 입니다."
현대,차량정비,빗길을 운행 후 헤드램프에 습기가 차요!,"""헤드램프를 켜고 주행 시 램프 내부의 온도는 상승하나 렌즈 표면은 빗물에 의해 온도가 떨어져
램프 내/외부의 온도 차이로 내부에 습기가 생깁니다.""

※ 습기는 유리의 내/외부 온도 차이에 의해 생기는 자연현상 입니다."
현대,차량정비,제 차량의 연료탱크 용량 70리터인데 주유를 하면 77리터 정도가 더 들어가요. 왜그런건가요? (공칭용량) 팽창공간 문의,"<공칭용량>
주요 제원표에 기재된 연료탱크 용량을 의미하며, 연료탱크마다 안전을 위해 약 10% 정도의
팽창공간을 두며, 팽창 공간을 제외한 연료탱크의 용량을 ""공칭 용량""이라고 부릅니다.
(*LPG는 법규상 85%까지만 충전)

*팽창 공간을 두는 이유는 아래와 같습니다.

① 대기온도에 따른 연료 부피의 변화에 의한 연료의 누유 등을 막기 위함
② 언덕주차 시 연료 누유 방지
③ 팽창공간은 안전공간 (모든 연료탱크 적용)"
현대,차량정비,스마트키 차량인데요. 중립 주차를 하려는데 N단에서 시동을 꺼도 꺼지지가 않는데 다른 방법이 있나요?,"[핸드/풋 파킹 브레이크 적용 차량]

① 주차브레이크를 작동시키고, 브레이크 페달을 밟은 상태에서 「P」 (주차) 위치에 두고 엔진을 정지시키십시오.
스마트 키 장착 차량은 「P」 (주차) 위치에서만 시동을 끌 수 있습니다.
「P」 (주차) 위치가 아닌 곳에서 시동 버튼을 누르면 「ACC」 상태로 됩니다.

② 바퀴에 고임목을 설치하십시오.

③ 주차 브레이크를 해제하십시오.

④ 브레이크를 밟고, 변속레버 앞쪽에 위치한「SHIFT LOCK RELEASE」버튼(버튼커버가 있을 시 열고 키를 꽂아 누르고)

누르고 자동변속기의 위치를「N」(중립)위치로 변속하십시오.

「P」(주차) 위치는 변속기가 잠기는 위치로 차량을 쉽게 움직일 수 없는 위치 입니다.

[전자 파킹 브레이크 적용 차량]

① 주차 블레이크 스위치를 당긴후 5초이내에 주차 브레이크 해제된 상태로 브레이크 페달을 밟은 상태에서 변속레버를 「P」(주차)위치에 두고 시동을 끄십시오.

② 바퀴에 고임목을 설치하십시오.

③ 브레이크를 밟고, 변속레버 앞쪽에 위치한「SHIFT LOCK RELEASE」버튼(버튼커버가 있을 시 열고 키를 꽂아 누르고)

누르고 자동변속기의 위치를「N」(중립)위치로 변속하십시오.

「P」(주차) 위치는 변속기가 잠기는 위치로 차량을 쉽게 움직일 수 없는 위치 입니다.

※ 단,위와 같은 비상시 주차를 제외하고는 항상 안전을 위하여 「P」(주차) 위치에 놓고 주차 브레이크를 작동 하십시오."
현대,차량정비,여름철마다 냉매를 교환해야 하나요?,"아닙니다.

에어컨 냉매가스는 새어나가지 않는다면 영구적으로 사용할 수 있습니다.
큰 충격이나 마모 또는 연결부위 O-링 손상 등의 문제로 에어컨관련 부품 이음새 등이 파손되지
않는 한 냉매가스가 새는 경우는 많지 않습니다.

차를 오래타다 보면 조금씩 자연적으로 없어지지만 이는 매우 적은 양입니다. 따라서 매년 에어컨
냉매를 보충해야 할 필요는 없는 것입니다.

에어컨을 2,3단으로 작동시켜 손바닥을 이용하여 냉기를 느낄 수 있으면 문제가 없다고 보시면 됩니다.
에어컨 냉매가스가 없어 에어컨이 시원하지 않으면 냉매가스 누출 원인을 확인하여 가스가 누출되는
원인을 수리하고 냉매가스를 완충하면 됩니다."
현대,차량정비,에어컨 성능을 향상시키는 방법 안내,"●에어컨 작동은 1단부터 작동하기 보다는 최고단수부터 작동하는 것이 좋습니다.

☞에어컨을 처음 틀때 1,2단이 아닌 3,4단부터 시작하는 게 냉각효율과 에너지 절약에 도움되며,
공기순환 모드를 잘 활용하면 냉방효과를 더욱 높일 수 있습니다.
차내 급속 냉방을 위해서는 내기순환 모드에서 에어컨을 가동하고, 최고단수로 5분 정도 작동한 뒤
조정하는 게 효과적입니다.

●에어컨 콘덴서(응축기)를 청소합시다.

☞엔진오일 교환이나 세차 때 정비사에게 에어컨 컨덴서(응축기) 외부에 붙어있는 벌레,이물질,먼지
등을 압축공기나 고압세차기로 청소해달라고 부탁하면 10% 정도의 냉각효을 상승 효과를 기대
할 수 있습니다.
콘덴서는 라디에이터 앞에 설치돼 차량속도와 냉각팬에 의해 기체상태의 냉매를 고압의 액체상태로
만드는 장치로, 이물질이 붙어 있으면 공기가 잘 통하지 못해 냉각효율이 떨어집니다.

●차 안의 열을 식힌 후 에어컨을 사용하세요.

☞강한 여름볕에 장시간 주차했을 때 실내도는 80도 가까이 올라간다고 합니다.
이런 차 안에서 바로 에어컨을 작동시켜도 에어컨 효과를 보기가 어렵습니다. 우선, 차문 한쪽을 열고
반대쪽 문을 열었다 닫었다를 수 차례 반복하여 실내의 더운공기를 배출하여 열을 식힌 후 에어컨을
켜야하며, 주차는 그늘을 찾아서 주차하는게 좋습니다.

●실내 에어필터를 점검하고 교환합시다.

☞요즘 차들은 대부분 실내 에어필터가 달려 나옵니다.
하지만 자신의 차량에 에어필터가 달려 있는지 조차 모르는 운전자도 적지 않습니다.
실내 에어필터를 제때 갈아주지 않으면 퀴퀴한 냄새뿐 아니라 바람까지 약하게 나옵니다.

항균필터가 달린 차라면 국내여건상 봄에는 황사, 여름에는 에어컨 사용, 겨울에는 히터를 사용하기 전
최소한 1년에 3번 정도는 필터 점검이 필요하며, 오염이 심할경우 교환해주고 매 15,000km 마다
교환하도록 되어 있습니다.
항균필터를 떼어낸 후 바람을 최대한으로 돌리면 공기 통로에 있는 먼지를 털어 낼 수 있습니다.^^"
현대,차량정비,길이 미끄러워서 바퀴에 체인을 사용하려고 하는데요 어디에 감아야 하나요?,"타이어 전체에 체인을 사용 하셔야 하지만, 체인이 2개 뿐인경우 차량의 구동바퀴쪽에 체인을
사용 하셔야 합니다.

*전륜구동차량 : 앞바퀴
*후륜구동차량 : 뒷바퀴
*4륜(4WD 구동차량) : 네바퀴 모두 사용"
현대,차량정비,계기판에 수도꼭지 모양(엔진체크경고등)의 경고등이 떠요.,"엔진의 정상적인 작동을 제어하는 엔진 전자 제어장치나 배기가스 제어에 관계되는 각종 센서에
이상이 있을때 엔진 경고등이 점등됩니다.
주행중에 점등되면 가능한 빨리 저희 하이테크센터 또는 서비스 협력사에 정비를 의뢰하십시오.

일반적으로 견인은 하지 않아도 됩니다. 그러나 가능한 빨리 정비를 의뢰하십시오.
단, 일부 엔진 제어 장치 고장시에는 엔진이 시동되지 않을 수도 있으니 이 때에는 견인하십시오.

※ 주의 : 엔진 체크 경고등이 점등 또는 점멸된 상태로 계속 주행하면, 운전성능과 연료소비에 영향을
주는 배기 제어 계통에 손상을 가져올 수 있습니다. 또한 배출가스 규제와 관련된 제재조치를
받으실 수도 있으므로 가까운 하이테크센터 또는 서비스 협력사에 점검 및 정비를 받으십시오."
현대,차량정비,연료부족경고등 점등 후 몇 키로 운행 가능한지요.,"연료 부족 경고등이 점등되면 연료를 바로 보충 하십시오.

대략 20~30 Km 정도 여유는 있습니다만 도로조건이나 운행여건, 차종에 따라 다르므로
정확한 운행 키로수를 측정해드리긴 어렵습니다.

연료가 완전 소모되어 운전할 경우 엔진 및 연료장치에 고장을 일으킬 수 있으므로,
경고등이 점등되기 이전에 연료를 충전하여 사용하시기 바랍니다."
현대,차량정비,도어 커티쉬램프 타입 문의,"취급설명서 8장 차량제원편 전구의 용량 확인바랍니다.
전구 용량에 도어커티시 램프 규격이 수록되어 있으면 해당함.

※ 홈페이지 > 서비스 > 취급설명서"
현대,홈페이지,실 운행자 등록 방법은 어떻게 되나요?,"내 차로 등록한 차량에 한하여 실 운행자 지정이 가능합니다.
승상용 통합 회원으로 가입한 고객의 통합 이메일 ID 및 이름으로 검색 후 지정이 가능합니다."
현대,홈페이지,차량을 판매한 경우 어떻게 하나요?,마이페이지에서 보유차량 삭제를 눌러주시면 더 이상 차량 정보 표출이 되지 않습니다.
현대,홈페이지,내 차가 아닌 다른 차량이 보입니다.,"차량을 다른 운전자에게 판매하신 뒤에도 내 차 정보에서 지속하여 정보가 표출될 경우, 직접 내 차 정보에서 차량 삭제 기능을 통하여 삭제할 수 있습니다."
현대,홈페이지,실 운행자 등록 시 사용 가능한 기능은 무엇인가요?,"실 운행자로 등록되신 경우에 정비예약, 수리 이력 확인 등 차량운행 시 필요한 기능 활용이 가능합니다."
현대,홈페이지,내 차 정보가 안 보여요.,"현대닷컴 홈페이지 혹은 지점/대리점 방문을 통해서 실 운행자 등록 가능합니다.
https://www.hyundai.com/kr/ko/service-membership/bluemembers/car-register/bluemembers-car-register
중고차 구매 시 보유하신 차량이 조회가 되지 않는다면, 마이현대 앱 혹은 가까운 블루핸즈 방문을 통해 인증을 받으셔야 합니다."
현대,홈페이지,취급설명서는 어디서 다운 받나요?,"취급설명서는 홈페이지 디지털/고객지원 > Help Desk > 사용설명서 다운로드(자료실)에서 다운로드가 가능합니다.
https://www.hyundai.com/kr/ko/digital-customer-support/helpdesk/download-center"
현대,홈페이지,내비게이션 시스템 업그레이드는 어디서 하나요?,"디지털/고객지원 > 업데이트 > SW업데이트 (내비/캠)에서 확인 가능합니다.
https://www.hyundai.com/kr/ko/digital-customer-support/update/navigation-update"
현대,홈페이지,"계정 통합 시, 선택하지 않은 계정은 어떻게 되나요? 가입 정보 (이름, 생년월일 등)도 통합되나요?","· 선택하지 않은 계정은 자동으로 탈퇴처리 됩니다. 이후 ID 찾기 진행하시면 검색되지 않습니다.

· 이름, 생년월일 등 가입정보가 다를 경우, 최근 본인인증 받은 정보로 업데이트/수정 됩니다."
현대,홈페이지,"저는 5개 ID를 가지고 있는데, 계정 통합 화면에는 왜 2개 ID만 표시되는 건가요?","· 계정 통합은 2개 ID를 대상으로만 진행됩니다. (① 현재 로그인하려는 ID, ② 기존에 현대닷컴 가입된 ID)

· 이후 제 3의 ID로 로그인 하실 경우, 다시 한 번 본인 인증과 계정 통합 절차가 진행됩니다."
현대,홈페이지,"기존에 이미 사용하고 있던 ID인데, 왜 다시 본인 인증과 계정 통합을 해야 하나요?","· 여러 개 ID 보유한 고객으로 ID 혼란으로 인한 고객 문의가 많이 발생하고 있습니다. 이에 회원 1명 당 1개의 ID만 이용할 수 있도록 변경되었습니다.(블루링크 등 현대자동차 타 서비스 동일)

· 기존에 여러 개 ID를 보유하셨던 고객이라면, ID 통합을 위해서 본인인증과 계정 통합을 진행해주세요. 통합된 ID로 현대닷컴, 블루링크, 디지털 키, 마이현대에서 동일하게 사용 가능합니다.

※ 디지털 키에 가입하신 고객이라면 ‘휴대폰 인증’을 통해 본인인증 받으셔야 서비스 이용이 가능합니다. (아이핀 인증 시, 이후 휴대폰 본인인증 재 요청됨)

· 계정 통합 절차를 진행하지 않으시면 해당 ID로 서비스 이용이 불가합니다. (필수)"
현대,홈페이지,이메일 인증 받지 않으면 가입이 안 되는 건가요? 가입 절차가 너무 번거롭습니다.,"· 오타 등으로 잘못된 이메일을 입력 하셔서, 향후 비밀번호 찾기 등이 진행되지 않는 경우가 많이 발생합니다.

· 다른 사람의 이메일 아이디로 먼저 가입하여, 이후 이메일 소유자가 가입하지 못하는 경우가 발생하고 있습니다.

· 이런 부작용을 방지하기 위하여 다소 번거롭지만, 본인 이메일 임을 인증하는 절차가 추가되었습니다.

· 반드시 본인 이메일로 가입을 부탁드리며, 타인 이메일 및 타인 정보로 무단 가입 시 회원 자격이 해지될 수 있습니다."
현대,홈페이지,"이미 가입되어 있는 ID가 있다고 하는데, 아이디를 바꾸고 싶어요. (사용하지 않는 ID, 퇴사한 회사의 ID 등)","· 계정 변경은 불가하며,’ 탈퇴 후 재가입’ 부탁 드립니다.

· 현대통합계정은 임의로 변경되지 못하게 관리하고 있습니다. ID 변경을 원하실 경우 ‘통합계정 탈퇴’ 이후 재가입해주셔야 합니다.

(단, 계정 탈퇴 시 가입하신 서비스가 함께 탈퇴되니 유의사항을 꼭 확인해주세요.)

※ 계정 탈퇴 하는 법

현대닷컴 로그인 > 마이페이지 > 개인정보수정 > 현대닷컴서비스탈퇴 탭 > 두 개 버튼 중 아래 ‘현대자동차 통합계정 탈퇴’ 버튼 클릭"
현대,홈페이지,"본인 명의 폰도 없고, 아이핀 발급받기 번거로운데 꼭 본인인증을 받아야 하나요?","· [기존] 본인 인증만 받으면 이메일 여러 개 가입 가능 >>> [1인1계정 적용] 처음 본인인증 받아 가입한 계정 外, 다른 계정은 생성되지 않도록 변경되었습니다.

· 기존에는 여러 ID가 생성되어 고객 혼란이 심했습니다. 이에 1인 1아이디 정책을 적용하여 이후 여러 개 ID를 검색/PW 초기화 해야하는 번거로움을 줄이려고 합니다.

본인 인증은 이 정책을 위해 필요한 절차이므로 최초 1회만 본인인증 해주시면 되겠습니다. (이후에는 본인인증 정보 보관/저장함)"
현대,홈페이지,"""예상하지 못한 오류가 발생했습니다."" 메시지가 표시됩니다.","시스템에서 작업 오류가 발생하는 경우 표시됩니다. 1시간 후에도 동일한 메시지가 보이는 경우에는 다음 방법 중 하나를 시도해 주세요.
· 브라우저의 쿠키와 캐시를 삭제하세요
· 다른 브라우저를 사용하세요. 예를 들어, 인터넷 익스플로러를 사용하고 있다면 크롬 또는 Safari를 이용해서 접속하세요. 브라우저가 최신 버전이 아닌 경우에는 이용에 제한이 있을 수 있습니다.

제시된 모든 방법으로도 해결되지 않는다면 홈페이지 Q&A 및 고객센터로 문의주세요. 문제화면의 스크린샷을 첨부하시면 원인파악에 도움이 됩니다."
현대,홈페이지,현대닷컴 로그인 계정을 변경하고 싶습니다.,"계정 변경은 불가하며, ‘탈퇴 후 재가입’ 부탁 드립니다.

현대닷컴 계정은 임의로 변경되지 못하게 관리하고 있습니다.
ID 변경을 원하실 경우, ‘통합계정 탈퇴’ 이후 재가입해주셔야 합니다.
(단, 계정 탈퇴 시 가입하신 서비스가 함께 탈퇴되니 유의사항을 꼭 참고해주세요)

※ 계정탈퇴 하는 법
현대닷컴 로그인 → 마이페이지 → 개인정보수정 → 현대닷컴서비스탈퇴 탭 → 최하단 ‘현대자동차 통합계정 탈퇴’ 링크 클릭"
현대,홈페이지,휴대폰 인증 SMS가 오지 않습니다.,"휴대폰 번호를 정확하게 입력해주세요.

현대닷컴에서 이메일 계정 입력 시 종종 오타로 인해 SMS 발송이 실패하는 경우가 있습니다.
핸드폰 번호는 공백 및 특수문자 (-) 없이 숫자만 입력 부탁 드립니다. (ex. 01012345678 (O), 010 1234 5678 (X), 010-1234-5678 (X) )

휴대폰에서 번호를 차단하셨나요?

차단 설정, 통신사 정책 등으로 인증 SMS가 발송되지 않는 경우가 있습니다.
보유하신 휴대폰에서 메시지 App. > 설정 > 메시지 차단/스팸번호를 확인 부탁 드립니다.
※ 자세한 설정 방법은 휴대폰 제조사 홈페이지를 참고해주세요.

만약 차단하지 않은 경우에도 SMS가 수신되지 않을 경우, 각 이동통신사로 확인 부탁 드립니다.
(휴대폰인증보호 서비스 가입 등 확인 필요)"
현대,홈페이지,로그인 시 비밀번호가 맞지 않다고 합니다.,"비밀번호 찾기를 통해 비밀번호 재설정을 해주세요.

① 로그인 창에서 “아이디 확인 및 비밀번호 초기화” 클릭
② “이메일로 비밀번호 초기화” 클릭
③ 생년월일과 현대닷컴에 가입한 이메일 입력
④ 이메일로 발송된 인증번호를 10분 내에 입력
(도착하지 않았을 경우, 입력 주소와 스팸메일함 확인)
⑤ 신규 비밀번호 입력 후 다시 로그인

※ “이메일로 비밀번호 초기화”를 이용해주세요
- 모바일로 비밀번호 초기화를 진행할 경우, 최종적으로 로그인했던 ID에 대해서만 진행하게 됩니다. (일괄변경 X)
- 여러 개의 통합아이디를 보유하신 고객은 해당 메뉴로 PW 변경이 어려우니, 이메일로 비밀번호 초기화를 이용해주세요."
현대,홈페이지,로그인 시 다른 계정으로 로그인하라고 나옵니다.,"기존에 가입하신 내역이 존재하는 경우입니다. (현대자동차 홈페이지는 1인 1계정 원칙)

이미 가입하신 현대닷컴 아이디가 있으신 경우로, 팝업창에서 안내드린 계정으로 다시 로그인하여 주세요.
비밀번호를 분실하신 경우, 로그인 > ID/비밀번호 찾기 > 이메일로 비밀번호 초기화를 이용해주세요.

[비밀번호 찾기 프로세스]

로그인 클릭 → 아이디/비밀번호 찾기 → 이메일로 비번 초기화 → 가입한 이메일 입력 → 인증번호 입력 / 재설정"
현대,홈페이지,준회원은 왜 폐지되었나요. 기존 ID를 사용하지 못하는 이유는 무엇인가요?,"현대닷컴은 본인 인증된 정회원 중심의 회원 체계로 개편되었습니다. (1인 1계정)

준회원 (간편가입/소셜가입)의 경우,
가입 절차는 매우 간편하나 많은 서비스 이용에 제한이 있었습니다. (소유차량 등록, 포인트 조회 불가, 이벤트 참여 불가 등)
또한 한 고객이 여러 ID를 사용함으로써, 서비스 이용에 혼란을 주는 경우가 많이 발생하였습니다.
‘본인 인증’을 통해 정회원으로 가입하시고, 보유차량 등록, 포인트 조회, 이벤트 참여 등 더 많은 혜택을 경험해보세요.

정회원의 경우,
기존에 사용하시던 ID/PW를 그대로 사용하실 수 있습니다. (다만, 최초 1회 로그인 시 약관 동의와 PIN 입력 필요)
기존에 연동되어있던 소셜연동 계정 또한 그대로 이용 가능하십니다. (고객 편의를 위해 제한적으로 허용)
다만 신규 소셜계정을 추가 연동하는 부분은 앞으로 제한됩니다. (현대닷컴은 1인 1계정 정책 시행)"
현대,홈페이지,회원가입을 해야만 현대닷컴을 이용할 수 있나요?,"회원가입을 하지 않으셔도 다양한 서비스를 이용하실 수 있습니다만, 회원가입을 하시면 좀더 다양하고 개인화된 서비스를 이용하실 수 있습니다.

별도 회원가입 및 로그인을 하지 않으셔도 현대닷컴 내 많은 서비스를 이용하실 수 있습니다만,
회원가입을 하시면 상세 견적 내기, 구매상담신청, 시승신청, 서비스네트워크예약, 마이페이지 등 일부 주요 서비스를 이용하실 수 있습니다."
현대,홈페이지,회원탈퇴 및 재가입을 원할때는 어떻게 해야 하나요?,"현대자동차 홈페이지에서는 로그인 상태에서만 회원탈퇴 신청을 하실 수 있으며,

‘마이페이지’ 에서 [개인정보 수정] 버튼을 클릭하여 ‘회원탈퇴’ 메뉴를 찾으실 수 있습니다.

현대자동차 홈페이지 회원 탈퇴 시 즉시 회원정보 및 인증정보와 홈페이지 자체서비스 내역 (이벤트 응모 등) 이 모두 삭제되오니 유의하시기 바랍니다.

회원탈퇴를 완료하더라도 블루멤버스 멤버십(멤버십포인트, 멤버십카드 등) 은 유지됩니다.

회원탈퇴 후 재가입은 언제나 가능하나, 이미 삭제된 데이터는 복구가 불가능하오니 이점 유의바랍니다."
현대,홈페이지,비밀번호 및 개인정보를 변경하고 싶을때는 어떻게 해야 하나요?,"비밀번호 및 개인정보 변경은 로그인을 하신 후 홈페이지 우측상단에 있는 [마이페이지] 메뉴를 이용해주시기 바랍니다. 현대자동차에서 제공해드리는 서비스의 정상적인 이용을 위해서 주소와 전화번호, 이메일 주소는 항상 최신정보로 유지해주시기 바랍니다."
현대,홈페이지,‘인터넷 멤버스클럽’은 어떤 서비스인가요?,‘인터넷 멤버스클럽’은 인터넷을 이용하시는 현대자동차 구입 고객님의 즐겁고 편리한 자동차 생활을 지원해 드리기 위해 마련한 구입 고객 서비스의 이름입니다.
현대,홈페이지,‘인터넷 멤버스클럽’은 언제부터 시작했나요?,2004년 10월25일부터 시작했습니다.
현대,홈페이지,‘인터넷 멤버스클럽’ 서비스는 누구에게 제공됩니까?,현대자동차를 구입하신 고객이시면서 현대자동차 홈페이지 회원으로 가입하신 고객님께 제공해 드립니다. (회원가입하기)
현대,홈페이지,‘인터넷 멤버스클럽’ 서비스 신청은 어떻게 합니까?,"현대자동차 홈페이지의 회원 가입을 클릭하시고, 신청 과정을 거치면 됩니다. (서비스 신청 하기)"
현대,홈페이지,"‘인터넷 멤버스클럽’ 서비스를 신청하면, 어떤 서비스를 받을 수 있나요?","구입하신 차종, 운행기간, 거주 지역 등에 의해 고객님께 꼭 필요한 맞춤형 정보와 다양한 서비스를 자동차를 이용하시는 동안 지속적으로 받으실 수 있습니다. 1) 내차 정보 조회 - 고객님의 구입 이력, 계약금 및 인도금 입금 현황, 할부 내용, 정비 이력, 탁송 정보, 전담 정비 센터, 전담 카마스터 정보 등을 조회하실 수 있습니다. 2) 운행 지원 서비스 - 고객님이 운행하시는 차량의 주행거리별 관리 및 점검사항, 운전 요령, 최저가 주유소 정보, 드라이빙 날씨 등에 관한 맞춤형 정보를 받으실 수 있습니다. 또한 구입년차별로 별도 마련한 경품 서비스도 받으실 수 있습니다. 3) 자동차 생활 서비스 - 고객님의 거주 지역이나 관심 사항에 따라 생활, 여행, 취미, 레저, 문화 등에 관한 맞춤형 정보를 받으실 수 있습니다. 예를 들어 여행지 소개의 경우 해당지역의 날씨, 가는 길, 고객 거주지에서 목적지까지의 최단거리 검색, 최저가 주유소, 주차장, 세차장 정보가 지도찾기 기능과 함께 자동으로 제공됩니다. 4) 구매 지원 서비스 - 관심 차종이나 구매 예정 시점을 기입하시면, 관심 차종에 대한 최신 정보와 더불어 구매 예정 시점에는 차량 정보, 구매 조건, 이벤트 안내, 할인 혜택 등의 서비스를 받으실 수 있습니다. (관심 차종 등록하기, 구매 예정 시기 등록하기) 5) 프리미엄 컨텐츠 서비스 - 재테크 동영상 강좌 및 상담서비스, 골프 동영상 강좌, 영어/중국어 동영상 강좌, 해외 최신 경영/경제 신서 요약서비스, 날씨 SMS 안내 등 양질의 유료 컨텐츠를 인터넷 멤버스클럽 회원에게 무료로 제공해드립니다. 단, 프리미엄 서비스는 “추가 정보” 항목을 기입하신 고객님께 제공해 드립니다. (추가정보 등록하기)"
현대,홈페이지,현대자동차 홈페이지에 있는 저작물 사용시 어떤 제한을 받습니까?,"현대자동차(주)의 홈페이지 (이하 '홈페이지'라 함)에는 현대자동차(주) (이하 '회사'라 함)에서 저작권을 갖고 있는 텍스트, 이미지, 사진, 영상물, VR, 플래시, 사운드 등의 저작물 (이하 '저작물'라고 함)이 포함되어 있습니다. 이러한 저작물은 대한민국 저작권법의 보호를 받습니다. 따라서 이를 이용하고자 할 경우에는 회사의 사전 허가를 받아야 하며, 허가를 받은 경우에도 아래의 요건을 준수하여야 합니다.
- 법인 및 단체나 제품 등이 현대자동차의 후원ㆍ협력ㆍ보증을 받는 것처럼 오인되도록 사용해서는 안됩니다.
- 회사 및 그 제품을 비방하거나 부정적인 이미지를 줄 수 있는 용도로 이용해서는 안됩니다.
- 저작물의 크기 조정이나 저작물의 변형, 가공이 필요할 경우 반드시 회사의 사전 허가를 얻어야 합니다.
- 저작물의 이용에 따라 생긴 손실이나 결과에 대해 회사는 어떠한 책임도 지지 않습니다.
- 어떠한 경우에도 현대자동차 웹 사이트의 페이지를 통째로 복제해서 사용해 서는 안됩니다.

회사의 허가 없이 저작물을 복제, 다운로드, 출판, 배포, 소스 이용 등으로 사용할 경우에는 모든 법적인 책임을 지셔야 합니다. 또한 현대자동차 웹 사이트를 귀하나 귀하의 회사ㆍ단체 등의 웹사이트에 링크하는 것은 회사의 허가를 받아야 하며, 이 경우에도 ""현대자동차 홈페이지로"", ""www.hyundai-motor.com으로"" 등 링크 사실을 알리는 표현과 함께 사용해야 합니다."
현대,홈페이지,제품 카달로그나 설명서의 내용을 사용해도 되는지 궁금합니다.,"개인적인 용도나 비상업적인 용도로 현대자동차 제품의 카탈로그나 설명서 등의 일부를 인용 및 사용하는 경우에는 회사의 승인을 얻을 필요가 없습니다. 단, ""위 자료의 저작권은 현대자동차에 있습니다""와 같은 표현과 함께 사용하여 저작권이 현대자동차에 있음을 명시해야 합니다. 또한 현대자동차 및 그 제품을 비방하는 목적으로 사용해서는 안되며, 귀하나 귀하의 회사ㆍ사업ㆍ단체 등이 현대자동차의 후원ㆍ협력ㆍ보증을 받는 것처럼 오인될 수 있는 외관으로 사용해서는 안됩니다. 상업적인 용도로 사용하고자 할 때는 현대자동차 법무팀의 사전 승인을 받아야 합니다."
현대,홈페이지,현대자동차 저작물 사용에 대해서 자세한 내용을 알려주십시오..,"기타 자세한 사항을 보시려면 홈페이지 메인 하단에 있는 ""저작권 안내"" 를 보시면 상세한 내용을 보실 수 있습니다. 쉽게 말씀드리면 개인홈페이지에 개인이 자료로써 보관코자 할 경우에는 당사 이미지를 사용하는데 큰 문제가 없습니다. 기타 상업적인 목적이나 기업사이트등 다른 용도로 사용코자 하실 때에는 우선 저작권 안내에 관한 사항을 검토하시고 다른 문의 사항이 있으시면 당사 사이버 상담 메일이나 법무팀에 문의를 해주시기 바랍니다. 또한, 홈페이지에 게재되지 않은 다른 이미지를 추가로 제공하지는 않습니다."
현대,홈페이지,아이디와 패스워드를 분실하였습니다.,"아이디와 패스워드를 분실하였을 경우 로그인 페이지 하단에 [아이디 찾기]와 [비밀번호 찾기]를 이용해주시기 바랍니다.

아이디 찾기

아이디찾기 페이지에서, 회원정보(이름과 생년월일, 성별 혹은 이름과 휴대전화번호)를 입력하거나 본인인증(아이핀 인증, 휴대폰 인증)을 통해 찾을 수 있도록 하였습니다.

본인인증을 하지 않는 ‘이메일 간편가입’ 또는 ‘SNS 계정으로 가입’ 하신 경우, 가입 시 입력하신 회원정보로만 찾으실 수 있습니다.

※ 현대자동차 홈페이지

비밀번호 찾기

비밀번호찾기 페이지에서, 가입하신 ‘이메일 아이디’ 를 입력한 뒤,

회원정보(성별/생년월일 또는 휴대폰번호) 또는 본인인증(아이핀 인증, 휴대폰 인증) 을 입력하여 결과가 일치하는 경우,

등록하신 이메일 주소로 임시 비밀번호를 발송해 드립니다.

본인인증을 하지 않는 ‘이메일 간편가입’ 또는 ‘SNS 계정으로 가입’ 하신 경우, 가입 시 입력하신 회원정보로만 찾으실 수 있습니다.

발급된 임시 비밀번호로 로그인 후, 사용하시는 개인 비밀번호로 변경하여 주시기 바랍니다.

※ 현대자동차 홈페이지"
현대,블루멤버스,블루멤버스가 무엇인가요?,"블루멤버스는 고객이 자동차를 효율적이고 경제적으로 관리하며, 자동차 관련 모든 과정에서 최상의 경험을 할 수 있도록 돕는 현대자동차의 멤버십 서비스입니다.
신차 구매나 제휴 가맹점 이용 시 포인트를 적립받으며, 적립된 포인트는 신차 구매나 제휴처에서 현금처럼 사용할 수 있습니다."
현대,블루멤버스,블루멤버스 회원 가입 후 카드 발급은 언제 되나요?,"블루멤버스 가입이 완료된 회원에게는 멤버십 카드(모바일)가 발급됩니다. 

현대자동차 홈페이지, 마이현대 앱 등을 통해 카드번호 및 모바일 바코드 확인이 가능하며, 마이현대/네이버페이/삼성월렛 앱을 통해 블루멤버십 포인트를 사용할 수 있습니다. 
-마이현대: 로그인 > 우측 상단 바코드
-네이버페이: 로그인 > 멤버십 > 멤버십 추가 > 블루멤버스
-삼성월렛: 멤버십 > 추가 > 블루멤버스

실물카드 발급을 희망하시는 고객분들께서는 현대자동차 고객센터(080-600-6000)로 문의하시기 바랍니다."
현대,블루멤버스,블루멤버스 회원 정보를 확인/변경하고 싶어요.,"현대자동차 홈페이지 또는 마이현대 앱, 현대자동차 고객센터(080-600-6000)를 통해 회원정보를 확인하거나 변경할 수 있습니다."
현대,블루멤버스,본인 이외의 가족이 보유한 블루멤버스 포인트를 사용할 수 있나요?,"블루멤버스 패밀리 멤버십에 등록하시면 등록된 가족 구성원 간 제약없이 실시간으로 자유롭게 포인트를 공유하여 사용할 수 있습니다.
패밀리 멤버십은 패밀리 대표의 직계존비속, 형제/자매, 배우자까지 등록 가능합니다. (패밀리 대표 포함 최대 8명)
패밀리 멤버십 등록 및 기타사항은 현대자동차 홈페이지(www.hyundai.com) 블루멤버스 메뉴에서 확인할 수 있습니다."
현대,블루멤버스,블루멤버스 포인트 양도 절차가 어떻게 되나요?,"가족인 경우 패밀리 멤버십을 통해 등록된 가족 구성원 간 제약없이 실시간으로 자유롭게 포인트를 공유하여 사용할 수 있습니다.
패밀리 멤버십은 패밀리 대표의 직계존비속, 형제/자매, 배우자까지 등록 가능합니다. (패밀리 대표 포함 최대 8명)
패밀리 멤버십 등록 및 기타사항은 현대자동차 홈페이지(www.hyundai.com) 블루멤버스 메뉴에서 확인할 수 있습니다.

패밀리 멤버십을 등록하지 않아도, 현대자동차 홈페이지(www.hyundai.com)에서 블루멤버스 포인트를 양도할 수 있으며, 양도 가능한 대상은 다음과 같습니다.
① 가족 : 배우자, 직계 존비속, 형제/자매에게 양도 가능
② 장애인 공동명의 : 장애인 출고 건의 공동명의자에게 양도 가능
③ 사망한 회원 : 배우자, 직계 존비속, 형제/자매 및 장애인 공동명의 출고 건의 경우 장애인 사망 시 양도 가능
양도/양수인 모두가 블루멤버스 회원가입이 되어있어야 하며, 증빙서류와 양도양수 신청서 제출 시 심사 후 양도됩니다.

자세한 사항은 현대자동차 홈페이지(www.hyundai.com) 의 블루멤버스 메뉴에서 확인할 수 있습니다."
현대,블루멤버스,신차구매 시 블루멤버스 포인트는 언제 적립되나요 ?,"신차구매 포인트는 회원가입과 제작증발급이 모두 완료된 날의 익일 적립되며, 적립일 기준 3일 이후부터 사용할 수 있습니다.
출고시점 블루멤버스에 미가입하신 경우 출고 후 6개월 이내 블루멤버스 회원에 가입하시면 포인트가 적립됩니다."
현대,블루멤버스,세이브-오토 및 M포인트 차감을 통해 차량 가격을 할인받았습니다. 그런데 세금계산서상 금액과 차이가 있는데 왜 그런가요?,"세이브-오토 및 M포인트 사용은 현대자동차가 현대카드사와 공동으로 시행 중인 이벤트입니다. 
해당 이벤트를 통해 차량 가격을 할인받으신 경우, 고객님이 알고계신 할인 금액과 세금계산서에 표기된 내역이 다르게 느껴질 수 있습니다. 

현대자동차가 발행한 세금계산서의 차량 공급가액에는 전체 할인액의 50%만 반영됩니다.
따라서, 세금계산서상 공급가액은 실제 할인받으신 금액을 감안하면 높게 느껴질 수 있습니다. 

나머지 할인액 50%는 카드 혜택으로 제공됩니다. 
현대카드의 이용내역 또는 카드명세서를 통해 M포인트 차감내역, 카드결제(청구)금액 감소내역 등을 확인할 수 있습니다.

해당 이벤트가 현대자동차와 현대카드사가 공동으로 시행하는 행사이기 때문에, 제공되는 할인 내역이 분리되어 있습니다."
현대,블루멤버스,차량 구매에 사용할 수 있는 포인트는 무엇인가요?,"■ 블루멤버스 포인트
개인고객은 5년간 최대 400만 포인트 / 법인고객은 1대당 최대 200만 포인트까지 차량금액 총 할인한도(30%) 내에서 사용 가능합니다.
단, 일부 법인 회원의 경우에는 신차 구매 시 포인트 사용이 제한될 수 있습니다.
(FLEET 업체, 이용자명의리스, 실차주계약 등)

■ 현대카드 M 포인트
5년간 최대 200만원까지 차량 구매시 사용하실 수 있습니다. 

■ 블루 세이브-오토
블루멤버스 포인트 혹은 M포인트가 적립되는 현대카드로 결제 시 적립 예정인 포인트 일부를 선사용하고, 이후 최대 36개월 동안 해당 카드를 이용하며 적립되는 포인트로 상환하는 제도입니다.
사용되는 포인트에 따라, ①블루 세이브-오토(블루멤버스 포인트)와 ②세이브-오토(M포인트) 두 가지로 나뉩니다.

차종에 따라 20~50만 포인트를 선사용 할 수 있으며, 상세한 내용은 현대카드 홈페이지의 '세이브-오토' 안내사항을 참고하세요."
현대,블루멤버스,블루멤버스 포인트는 어떻게 활용하나요?,"블루멤버스 포인트는 제휴처에서 회원인증 시 현금처럼 사용할 수 있습니다.
블루멤버스 회원은 실물카드 혹은 마이현대/네이버페이/삼성월렛을 통해 인증할 수 있습니다.

-마이현대: 로그인 > 우측 상단 바코드
-네이버페이: 로그인 > 멤버십 > 멤버십 추가 > 블루멤버스
-삼성월렛: 멤버십 > 추가 > 블루멤버스

블루멤버스 제휴처 정보는 현대자동차 홈페이지(www.hyundai.com)를 참고하세요."
현대,블루멤버스,블루멤버스 포인트 유효기간은 어떻게 되나요?,"블루멤버스 포인트의 유효기간은 최초 적립일로부터 만 5년입니다.
5년 경과 시점을 기준으로 익월 1일 자동 소멸됩니다."
현대,블루멤버스,블루멤버스 회원가입 없이 포인트를 받을 수 있나요?,"블루멤버스 포인트는 블루멤버스 회원에 한하여 적용되는 혜택으로, 회원 가입이 필수입니다."
현대,블루멤버스,블루 세이브-오토 제도에 대해 알고 싶습니다.,"세이브-오토 제도는 현대자동차/제네시스 신차 구매 시 전용카드를 이용하시는 고객께 선할인 혜택을 제공하고, 이후 카드 사용을 통해 적립되는 포인트로 해당 할인 금액을 상환해 나가는 프로그램입니다.

차종에 따라 최소 20만 원에서 최대 50만 원까지 선할인을 먼저 제공받으실 수 있으며, 할인 금액은 최장 36개월 동안 카드 이용으로 적립된 포인트를 통해 상환하게 됩니다.

만약 상환 기간 종료 시점까지 포인트 상환이 완료되지 않은 경우, 미상환 금액은 익월 카드 이용대금에 합산되어 청구됩니다.
해당 미상환 금액에 대해서는 별도의 이자가 부과되지는 않습니다."
현대,블루멤버스,블루 세이브-오토는 포인트를 미리 사용하는 것 외에 또 어떤 혜택이 있나요?,"블루 세이브-오토를 이용하시면, 전월 이용실적, 카드 사용처의 조건 없이 최소 1.5% 이상 포인트 적립률 혜택을 받을 수 있습니다. 
(블루 세이브-오토 미이용 시에는 카드 종류, 카드 사용처 및 전월 이용실적에 따라 적립율 변경됩니다.)

블루 세이브-오토 이용으로 적립된 포인트는 고객님의 별다른 조치 없이도, 신차 구매 시 혜택 받으신 선할인 금액을 자동 상환하게 됩니다."
현대,블루멤버스,"차량 구매 시 전용카드를 발급받은 이후, 카드를 재발급하거나 다른 카드로 교체하더라도 블루 세이브-오토 이용이 가능한가요?",블루멤버스 포인트가 적립되는 전용카드라면 카드 재발급 및 교체 시에도 블루 세이브-오토 이용이 가능합니다.
현대,블루멤버스,전용카드 발급 이전에 적립된 블루멤버스 포인트로 블루 세이브-오토 상환할 수 있나요?,"전용카드 발급 이전에 적립된 블루멤버스 포인트로는 상환할 수 없습니다.
블루 세이브-오토 상환은 블루 세이브-오토를 승인한 이후에 적립된 블루멤버스 포인트로만 가능합니다.
기존에 적립된 블루멤버스 포인트는 현대자동차 신차 구매를 포함한 정비/주유 등 다양한 카테고리의 블루멤버스 제휴에서 사용할 수 있습니다."
현대,블루멤버스,바디케어 서비스 가입은 어떻게 하나요?,"현대 차종은 현대샵에서 가입할 수 있고, 제네시스 차종은 제네시스부티크에서 가입할 수 있습니다.

※"
현대,블루멤버스,"바디케어 서비스 이용 시 사고이력이 남아, 자동차보험료에 영향을 주나요?","자동차 보험과 무관하게 운영되는 서비스로, 고객님의 보험료 및 사고 이력에 영향을 미치지 않습니다."
현대,블루멤버스,바디케어 서비스 보상 절차는 어떻게 되나요?,아래 링크의 '이용 안내' 페이지를 참고하세요.
현대,블루멤버스,바디케어 서비스 이용 시 차량 사진은 어디를 촬영하여 접수/제출해야 하나요?,"차량 번호판 포함 전면사진, 계기판 사진(주행거리), 손상 부위 전체/확대 사진, 자동차 등록증이 필요합니다.

상세 내용은 아래 링크의 '이용 안내' 페이지를 참고하시거나, 바디케어 고객센터(1566-6266)로 문의 부탁드립니다."
현대,블루멤버스,바디케어 서비스 사고비용 처리 시 자기 부담금이 있나요?,"구매하신 바디케어 서비스 상품에 따라 상이합니다.

- 스탠다드 상품 : ① 차체(상/하/측면) 보장 시 회당 10만원, ② 앞유리/타이어 : 없음
- 스탠다드 플러스 상품 : 자기부담금 없음

상세한 내용은 아래 링크의 '보장 내역' 페이지를 참고하세요."
현대,블루멤버스,"바디케어 서비스 가입 후 사고가 발생하지 않아 보장을 받지 않은 경우라면, 포인트는 다시 환불받을 수 있을까요?","바디케어 서비스는 가입 직후 보장이 개시되는 서비스로, 이용기간 내 차량 수리 여부와 무관하게 환불이 불가합니다."
현대,블루멤버스,바디케어 서비스 이용 시 일반 동네 카센터에서 차량 수리 했는데 보상 안되나요?,바디케어 서비스는 지정된 블루핸즈에서 수리를 진행한 경우에 한하여 수리 비용을 지원해 드립니다.
현대,블루멤버스,블루멤버스 포인트 현대캐피탈 할부 상환”이란 무엇인가요?,"개인/개인사업자 고객님께서 현대캐피탈 할부 상품을 이용하여 월 납입금을 블루멤버스 포인트로 상환하실 수 있습니다.

※ 블루멤버스 포인트를 보유한 개인/개인사업자 고객에 한하여 블루포인트로 월 납입금 상환 가능
※ 연 100만 한도 내에 상환 가능하며, 월 납입금 內 상환 가능(월 납입금은 차량가격, 할부 기간, 선수율 및 유예율에 따라 상이)
※ 블루멤버스 포인트는 신청 후 즉시 사용되며, 상환 취소는 당일 취소만 가능
※ 신청 및 문의 : 현대캐피탈 고객센터(1588-2114)"
현대,블루멤버스,블루멤버스 포인트 현대캐피탈 할부 상환”은 어떻게 신청할 수 있나요?,"현대캐피탈 고객센터(1588-2114)를 통해 블루멤버스 포인트 할부 상환을 신청할 수 있습니다.

※ 신청 방법 : 현대캐피탈 고객센터(1588-2114) → ARS 통한 본인 인증 → 블루멤버스 포인트 할부금 상환 신청"
현대,모젠서비스,모젠 서비스에 오류가 있을 때에는 어떻게 하나요?,"모젠고객센터(080-600-6000)로 문의 주시거나

1:1상담 문의에 올려주시면 신속하게 지원해 드리겠습니다."
현대,모젠서비스,보증 수리기간이 어떻게 되나요?,"모젠 단말기의 보증수리 기간은 구입한 신차의 보증 내용 및 규약에 종속됩니다. 현대자동차의 보증수리 기간은 차종, 동력전달장치, 일반부품 등에 따라 차이가 있으며, 모젠 단말기는 일반부품의 보증기간에 따릅니다."
현대,모젠서비스,ACC ON시에 바로 화면이 표시되지 않습니다.,"모젠 단말기는 ACC OFF시에 단말기의 전원을 바로 끄지 않고, 수 초 동안 상태를 확인 하고 종료합니다. 따라서 이 동안에 ACC OFF/ON을 반복하는 경우 단말의 전원종료 후 재가동이 지연되어 수초의 동작 지연 현상이 나타날 수 있습니다. 잠시만 기다리시면 됩니다."
현대,모젠서비스,"사용도중 단말기가 갑자기 중지되거나, 버튼을 입력해도 말을 듣지 않습니다.","모젠은 차량용 컴퓨터로 개발되었으며, 각종 AV와 이동전화, 내비게이션 시스템과 텔레매틱스의 각 기능이 중앙처리장치(CPU)와 운영시스템(OS)에 의해서 운영되도록 개발되었습니다. 따라서, 작동 중에 소프트웨어의 충돌이 발생하거나 프로그램의 원할한 처리가 이루어지지 않는 경우, 아주 간헐적으로 단말기가 일시적으로 동작이 중지되는 경우가 발생할 수 있습니다. 이는 고장이나 단말기 시스템의 하자는 아니며, 리셋버튼을 누르시면 다시 이용하실 수 있습니다. 단말기 오른쪽 하단에 있는 리셋버튼을 누르시면 다시 작동이 가능합니다."
현대,모젠서비스,단말기 모델 및 일련번호는 어디서 확인하나요?,단말기 `INFO` 버튼 → `환경 설정` 선택 → `단말기 정보` 선택
현대,모젠서비스,"차안에서 음악을 듣는 데, 자꾸 길안내 방송이 나와서 신경을 쓰이게 합니다.",지도 화면 좌측 상단에 있는 `확성기` 모양의 아이콘을 선택하면 안내음이 나오지 않습니다. 다시 음성안내를 듣고자 하시면 아이콘을 다시 한번 선택하시면 됩니다.
현대,모젠서비스,GPS 수신이 안됩니다. 어떻게 하나요?,"기본적으로 시동을 켠 후 약몇분동안 GPS인식되는 시간소요가 필요합니다. 그리고, GPS위성에서 발송하는 전파의 특성 상 고가 밑, 지하차도, 도심 건물 밀집 지역 등 GPS 수신 안테나가 가려지는 경우 수신 불량 상태가 발생 할 수 있습니다. 따라서 장애물이 없는 위치로 차량이 이동되면 GPS 수신 기능이 정상적으로 작동하게 됩니다. 만약 개활지 상태에서도 위성수신 상태가 불량하면 A/S망을 이용하여 GPS 수신 장치의 정비를 받으셔야 합니다."
현대,모젠서비스,내비게이션의 지도 업그레이드는 어떻게 하나요?,"모젠 지도 업그레이드는 차량용 A/V 및 내비게이션 A/S를 담당하고 있는
현대 웰슨에서 수행하고 있습니다.

전국 현대자동차 23개 하이테크센터와 기아자동차 11개 직영서비스 센터에서
현대 웰슨 A/S요원이 상주 근무하고 있으며
전국 115개소의 현대 웰슨 협력점에서 지도 업그레이드가 가능합니다.

모젠고객센터 080-600-6000으로 전화주시면 지도 업그레이드 상담이 가능하며
업그레이드 가능한 가까운 서비스센터에 대한 안내를 받으실 수 있습니다."
현대,모젠서비스,단말기만 별도로 충전을 해줘야 하나요?,"차량의 배터리와 연결되어 있으며, 별도의 충전은 필요없습니다."
현대,모젠서비스,단말기의 벨소리를 다운로드 받을 수 있나요?,불가능 합니다. 단말기내에 이미 저장된 벨소리 중에서만 선택변경 하실 수 있습니다.
현대,모젠서비스,단말기로 전화가 왔을때 전화를 받고 싶지 않다면 어떻게 해야하나요?,"전화 수신 화면에서 ""수신거부"" 버튼을 누르시면 됩니다."
현대,모젠서비스,주행 중에는 단말기 조작이 안되나요?,"고객님의 안전 운행을 위해 시속 5km이상으로 주행 중에는 단말기 조작을 제한하고 있습니다.

상담원과 전화를 통해 서비스를 받는 경우가 아닌,
단말기 조작을 통해 서비스를 받기 위해서는 차를 잠시 정차한 이후에 사용하시길 바랍니다.

단, 조작 횟수가 간단한 경우에 한해서만 주행중에도 사용이 가능합니다.
예를 들어, MTS 255 단말기 기준으로 AV 조작 기능 (TV 화면은 안됨-음성만 가능),
모젠 버튼, PHONE에서 단축번호를 통한 전화연결, 내비 버튼의 현위치등록, INFO 버튼의 음성메모 및 청취기능 등은 가능합니다."
현대,모젠서비스,단말기는 어디에서 판매 하나요?,"모젠 단말기는 차량 일체형으로 신규 차량구매시 옵션으로 구매하실 수 있으며, 단말기 만을 구입하여 기존에 보유하고 계신 차량에 별도로 장착 하실 수는 없습니다."
현대,모젠서비스,지상파DMB 시청이 가능한 모젠 단말기의 수신지역은 어떻게 되나요?,"지상파 DMB 수신지역은 전국 7대 광역시를 포함하여 전국적으로 수신이 가능하나, 일부 음영지역에서는 수신이 되지 않습니다. 자세한 사항은 방송사에 문의주시길 바랍니다."
현대,모젠서비스,월 중에 요금제를 변경하면 요금이 어떻게 청구되나요?,"모든 요금제는 변경일부터 `일할' 계산되어 청구됩니다. 요금제별 기본료, 통화요율 및 무료제공 혜택 등이 변경시점부터 적용되어 일할 계산이 됩니다."
현대,모젠서비스,요금제 변경은 어떻게 하나요?,"세이브, 파워팩, 일반 요금제 이용 고객님의 경우 변경이 가능하며
모젠 서비스 가입 고객 본인이 모젠고객센터(080-600-6000 혹은 모젠 단말기 CS버튼)에 전화하여 신청하시면 됩니다.

단, 단말기별 전용 요금제인 스페셜 요금제와 프리미엄 요금제는 변경이 불가능합니다."
현대,모젠서비스,요금 미납을 했을 경우 가산금은 몇%인가요?,요금 미납 시 가산금은 2%입니다. ※ 산정기준 : [기본료 + 국제통화료 + 국내통화료 + 모젠 서비스이용료 + 부가사용료 + 정보이용료]의 2%
현대,모젠서비스,"혹시 길안내 서비스를 받으면, 길안내를 하는 동안 계속해서 이용 요금이 발생하는 것은 아닌가요?","길안내 서비스 이용시 길안내 정보를 수신할 때에만

데이터 요금과 비서서비스 및 ARS 음성정보 이용 음성 통화료이외에 길안내가 시행되는 동안에는 별도의 요금이 발생하지 않습니다.

단, 해당 서비스 이용을 위하여 별도의 부가 서비스 가입이 필요한

스페셜 요금제와 프리미엄 요금제는 월 정액 이용료 이외의 별도의 요금이 부과되지 않습니다."
현대,모젠서비스,음성통화료와 데이터 요금은 무엇인가요?,"이동전화, 비서서비스, ARS음성정보서비스, SOS콜 이용시 음성통화료가 발생하며 이용 금액은 요금제에 따라 차이가 있습니다. 단, 해당 서비스 이용을 위해서 별도의 부가서비스 가입이 필요한 스페셜 요금제와 프리미엄 요금제는 이동전화 이용 이외의 별도의 음성통화료가 부과되지 않습니다. 길안내, 증권, 날씨 정보, 무선 인터넷 등을 이용하는 경우 별도의 데이터 요금이 부과되며 이용 금액은 요금제에 따라 차이가 있습니다. 단, 해당 서비스 이용을 위하여 별도의 부가서비스 가입이 필요한 스페셜 요금제와 프리미엄 요금제는 월 정액 이용료 이외의 별도의 데이터 요금이 부과되지 않습니다."
현대,모젠서비스,모젠 요금제는 어떤 종류가 있나요?,"모젠 요금제는 `스페셜 요금제(MTS-W255/W260 단말기 전용)'와 `프리미엄 요금제 (DIS모젠(MTS-W450) 단말기 전용)' 등이 있습니다. 1. 스페셜 요금제 A. 대상 단말기 ? MTS-W255, W260 B. 대상 차종 ? 베라크루즈(2009년 7월 이후 출고), 싼타페(2009년 7월 이후 출고), 쏘나타(YF), 그랜저(2009년 2월 이후 출고 TG 그랜저 및 5G 그랜저) 스페셜 요금제는 기본서비스(안전보안, 차량관리 서비스)가 2년간 무료로 제공되며 서비스 가입 만 2년 경과 후부터 기본 서비스 이용료 월 7천 원이 부과됩니다. 유료부가서비스 이용을 위해서는 보이스 플러스 팩(이동전화/빠른길안내/비서서비스/ARS음성정보/개인정보 동기화 이용 가능, 월 기본료 9천 원, 이동전화 24원/10초, 비서서비스 500원/건 부과) 및 데이터 프리 팩(모젠 전용 무선인터넷 서비스 이용 가능, 월 정액 5천 원)에 가입하셔야 합니다. 중고차 가입 및 가입 후 명의변경시 기본 서비스 2년 무료 제공 혜택을 받으실 수 없습니다. 2. 프리미엄 요금제 A. 대상 단말기 ? DIS모젠(MTS-W450) B. 대상 차종 ? 제네시스, 에쿠스 프리미엄 요금제는 기본 서비스(안전보안, 차량관리, 개인정보동기화, ARS음성정보)가 2년간 무료로 제공됩니다. 서비스 가입 만 2년 경과 후부터 기본 서비스 이용료 월 9천 원이 부과됩니다. 유료부가서비스 이용을 위해서는 보이스 팩(이동전화 및 비서서비스, 월 기본료 4,000원, 음성통화료 24원/10초, 비서서비스 500원/건) 및 멀티미디어 팩(인포테인먼트 서비스, 월 이용료 10,000원)에 가입하셔야 합니다. 중고차 가입 및 가입 후 명의변경시에는 기본 서비스 2년 무료 제공 혜택을 받으실 수 없습니다. 단, 2008년 DIS 모젠(MTS 450) 가입고객은 기존대로 기본서비스가 1년간 무료로 제공됩니다. 3. 기타 요금제 기타 구형 모젠 단말기(MTS-150, 200, 250, 300)를 위한 `세이브, 파워팩, 일반' 요금제도 있습니다. A. 세이브 요금제 세이브 요금제는 월 기본료 12,000원에 비서서비스 이용시 건당 900원과 이동통신 이용료(음성통화(이동전화, 비서서비스, ARS음성정보, SOS 콜):28원/10초, 데이터 이용료:2원/0.5KB, 발신번호:1,000원/월)가 부과되며, 위험지역 DB업데이트시 건당 2,000원이 과금 됩니다. B. 파워팩 요금제 파워팩 요금제는 월 기본료 22,000원에 비서서비스 이용시 건당 500원과 이동통신 이용료(음성통화(이동전화, 비서서비스, ARS음성정보, SOS 콜):24원/10초, 데이터 이용료:2원/0.5KB(데이터 5,000원 한도 무료)가 부과되며, 발신번호 요금과 위험지역 DB 업데이트는 무료로 제공됩니다. C. 일반 요금제 일반 요금제는 월 기본료 28,000원에 비서 서비스 이용시 건당 300원(월5회 무료 제공)과 이동통신 이용료(음성통화:18원/10초, 데이터 이용료:2원/0.5KB, 발신번호:1,000원/월)가 부과되며, 위험지역 DB 업데이트는 무료로 제공됩니다."
현대,모젠서비스,인증 비밀번호 변경은 어떻게 하나요?,"인증 비밀번호는 모젠 고객센터(080-600-6000 혹은 단말기 CS 버튼) 상담원을 통해 변경 가능합니다. 또한, 온라인에서도 고객님이 직접 변경하실 수 있습니다."
현대,모젠서비스,서비스를 해지하려면 어떻게 해야 하나요?,"모젠 고객센터에서 해지 신청이 가능합니다. 상담원과 전화 통화를 통해 소정의 본인 확인 절차를 거친 후, 해지 신청서를 Fax로 접수해 주시면 됩니다."
현대,모젠서비스,차량을 타인에게 양도할 때는 어떻게 해야 하나요?,차량을 타인에게 양도할 때에는 기존 계약을 반드시 해지하셔야 합니다. 차량 양수인이 서비스를 제공받기를 원하는 경우 현대/기아자동차의 지점/대리점에서 가입 신청을 하시면 서비스를 제공 받으실 수 있습니다. 차량을 양도하면서 기존 계약을 해지하지 않는 경우에는 기존 계약자에게 사용 여부와 상관없이 기본료 등 요금이 청구되므로 반드시 해지를 하시기 바랍니다.
현대,모젠서비스,자동차를 바꿀 경우에는 어떻게 해야하나요?,"모젠을 옵션으로 선택한 신차를 구입하시는 경우에는 차량 계약시, 모젠 서비스 가입(대차 가입)을 신청하시고, 신차의 모젠 서비스를 개통하시기 전에 기존 계약을 해지하시면 기존에 사용하시던 번호를 계속해서 사용하실 수 있습니다. 모젠 단말기가 장착되지 않은 차를 구입하시는 경우에는 기존 서비스를 해지하시면 됩니다. 해지를 하지 않으시면 계속해서 요금이 부과될 수 있습니다."
현대,모젠서비스,모젠 서비스 해지 시 필요한 서류는 무엇인가요?,"※ 해지 신청시 구비 서류 [개인] - 본인 : 신분증 - 대리인 : 전화로 고객 본인 의사 확인 가능 시 본인 및 대리인의 신분증/ 전화로 고객 본인 의사 확인 불가 시 대리인의 신분증, 위임자(인감날인), 인감증명서 - 개인사업자 : 본인(대표자)신분증, 사업자등록증 사본, 인감증명서, 직원의 신분증 혹은 재직 증명서 [법인] 사업자등록증 사본, 인감 증명서, 직원의 신분증 혹은 재직 증명서 ☞ 사망, 군입대, 해외체류 등의 경우 해당 사실을 입증하는 서류의 제출로 해지 처리가 가능합니다."
현대,모젠서비스,모젠 서비스를 해지 후 단말기 사용은 전혀 불가능 한가요? 해지해도 사용할 수 있는 기능이 있나요?,"모젠 서비스 해지를 하는 경우에도 단말기 자체 기능인 길안내(교통정보 없음) 및 AV 기능 등은 이용할 수 있습니다. 그러나 해지를 하게 되면 이동전화 서비스 및 실시간 교통정보가 반영된 길안내, 교통정보 및 에어백 전개 자동통보, 도난 추적 등 안전보안 서비스를 포함한 모젠 서비스는 이용하실 수 없습니다."
현대,모젠서비스,모젠단말기의 전화번호는 변경이 가능한가요?,"기존에 사용하시던 번호를 모젠 고객센터를 통해 원하시는 번호로 변경하실 수 있습니다. 다만, 번호변경을 하신 후에는 단말기에 전화번호 입력 과정을 거쳐야만 서비스를 이용할 수 있습니다. 자세한 사항은 모젠 고객센터 상담원에게 문의해 주시길 바랍니다."
현대,모젠서비스,각종 변경 사항이나 문의는 어떻게 해야 하나요?,"각종 정보 변경이나 서비스 관련 문의 사항은 모젠 고객센터로 연락을 주시면 상담원이 처리해 드립니다. MTS-250,200 """"PHONE"""" 화면의 """"CS"""" 버튼을 누르시거나, 080-600-6000으로 연락하시면 됩니다. MTS-W255,W260 모젠버튼 화면의 오른쪽 하단 """"모젠센터( CS )"""" 버튼을 누르시거나 080-600-6000으로 연락하시면 됩니다. MTS-W350 모젠->전화->""""CS센터"""" 버튼을 누르시거나 080-600-6000으로 연락하시면 됩니다. MTS-W450,450 집중키 오른쪽의 모젠 화면에서 전화-> """"CS상담연결"""" 버튼을 누르시거나 080-600-6000으로 연락하시면 됩니다. MTS-300 모젠->전화화면안에 """"고객센터"""" 버튼을 누르시거나 080-600-6000으로 연락하시면 됩니다."
현대,모젠서비스,"가입, 변경,해지 처리는 전화로 가능한가요?","○ 가입 : 모젠 서비스 가입은 현대자동차의 지점/대리점 방문을 원칙으로 하고 있습니다.
먼저 모젠 고객센터 혹은 차량을 구입한 카마스터와 상담을 하시기 바랍니다.

○ 개통(개통 요청) : 모젠 고객센터(080-600-6000)에 전화를 통해서만 가능합니다.

○ 해지 : 모젠고객센터에 전화 또는 팩스를 통해 처리 가능하며,
현대자동차 지점/대리점에서 해지 신청을 하는 경우에는 반드시 방문하셔야 합니다.

○ 변경 : 모젠고객센터에 전화를 통해 변경 처리가 가능하며,
지점/대리점을 방문하시거나 홈페이지 고객센터 메뉴에서도 가능합니다.
다만 필요시 관련 서류를 팩스 등을 통해 요청할 수도 있습니다."
현대,모젠서비스,자동차를 인수 받는 즉시 바로 모젠 서비스를 이용할 수 있나요?,"모젠서비스를 이용하기 위해서는 개통 절차를 거쳐야 합니다. 지점/대리점을 통해 모젠 서비스 가입신청을 하시고, 차량을 등록을 마치시고 모젠 고객센터에 서비스 개통 요청을 하면 됩니다. 개통은 080-600-6000으로 전화를 하여 상담원에게 요청하시면 됩니다. 상담원은 개통을 위해 필요한 정보, 즉 단말기 모델명, 일련번호, 보험정보(보험사, 만기, 특약여부), 차량번호판 정보 등을 확인하고 개통하여 드립니다."
현대,모젠서비스,서비스 개통시 반드시 정해진 이동통신 사업자번호를 받아야만 하나요? 다른 사업자번호로 개통할 수는 없나요?,"모젠 서비스는 단말기별로 제휴되어 이용하는 이동통신망이 다릅니다. MTS 200과 MTS 300 단말기는 LG U 플러스 MTS 250 ,W255,W260 W450 W350 은 KT와 이동통신망을 이용하도록 제휴가 되어 있습니다. 따라서 단말기별로 제휴되어 있는 이동통신사 외에 다른 사업자의 이동통신망을 이용하는 것은 불가능합니다."
현대,모젠서비스,이동통신 대리점에서도 서비스 가입을 할 수 있나요?,"모젠 서비스는 현대 자동차에서 제공하는 서비스로 이동통신사 대리점을 통해서는 서비스 가입이나 해지, 변경 등의 서비스를 제공하지 않습니다. 모젠고객센터로 문의해 주시기 바랍니다."
현대,모젠서비스,모젠 서비스에 가입하려면 어떻게 해야 하나요?,"모젠 서비스 가입을 위해서는 차량을 구입할 때 모젠을 옵션으로 선택하시고, 차량 계약시 모젠 서비스 가입 신청서를 작성해 주셔야 합니다. 기존에 모젠 단말기가 장착된 중고차를 인수 한 후 모젠 서비스를 이용하시려면 가까운 현대자동차 지점 또는 대리점에 자동차등록증과 자동차보험증서 그리고 신분증을 지참하시고 방문하시어 서비스 가입 요청을 하시면 됩니다."
현대,모젠서비스,현재 쓰고 있는 핸드폰 번호를 단말기 전화번호와 동일한 번호로 사용할 수 있나요?,"불가능 합니다. 모젠 서비스를 이용하기 위해서는 모젠단말기를 옵션으로 선택하셔야 하며, 통신망을 제공하는 이동전화회사의 별도 이동전화 번호를 신규로 부여받으셔야 합니다. 차안에 별도의 이동전화 기능이 포함된 단말기를 장착하는 것이기 때문에 기존 이동전화번호와 동일하게 이용할 수 없습니다."
현대,모젠서비스,현대자동차에서 판매하는 모든 차종에 모젠 단말기 장착이 가능한가요?,현대자동차에서 판매하는 모든 차량에 장착이 가능하지는 않습니다. 차종별로 적용 가능한 단말기가 상이합니다
현대,모젠서비스,텔레매틱스가 무엇 인가요?,"텔레매틱스란 통신(Telecommunication)과 정보과학(Infomatics)의 합성어로서, 자동차내에 장착되어있는 통신단말기를 통해, 자동차에서 발생하는 각종 현상을 분석하고, 운전에 필요한 다양한 정보를 수집하여, 보다 편리하고 안전한 운전을 할 수 있도록 갖추어진 시스템을 말합니다. 텔레매틱스 서비스를 받기 위해서는 GPS(Global Positioning System, 위치측정시스템)와 이동통신 기능이 가능한 단말기를 차량 내에 장착해야 합니다."
현대,모젠서비스,지금 타고 있는 차량에 모젠 단말기 장착이 가능한가요?,"모젠 단말기가 제공하는 텔레매틱스 서비스는 차량과의 연계가 매우 중요합니다.

에어백이 전개되었을때 전개신호를 보내주는 기능이라든지,
핸들에 별도의 버튼을 구성하여 단말기를 누르지 않더라도 핸들에 있는 스위치로 단말기를 조작할 수 있게 한다든지,
그리고 전원장치 및 각종 AV시스템과의 연계 등 차량 본체와 여러가지 밀접한 관련이 있습니다.

따라서 차량을 생산할 때 모젠 옵션 차량은 기존 차량과 구별되어 설계가 되어 있으므로,
기존 차량에 모젠 단말기를 장착하는 것은 불가능 합니다."
현대,모젠서비스,모젠이 무슨 뜻인가요?,"모젠은 국내 최고의 자동차 회사인 현대자동차와 기아자동차가 공동으로 개발하여 국내 최초로 제공하는 차량 완전 통합형 텔레매틱스 서비스의 브랜드입니다. ""새로운 자동차 생활의 시대를 열어가는 新자동차 생활인""을 지칭하고 있으며, 자동차의 최첨단 생활을 열어주는 새로운 세대라는 의미와, 고객을 중심으로 보다 풍요롭고 안전한 운전생활을 도와드리는 의미를 내포하고 있습니다."
현대,모젠서비스,모젠 센터의 운영 시간은 어떻게 되나요?,"모젠 센터는 365일 24시간 운영하고 있습니다. 즉, 비서서비스와 긴급구난 서비스는 언제든지 이용이 가능합니다. 단, 단말기 CS 버튼이나 080-600-6000을 통한 상담원과의 통화(모젠 고객센터)는 평일 08:30~18:00에만 가능하며, 토/일요일과 공휴일에는 불가능합니다. 모젠 서비스의 개통/변경/해지와 서비스 관련 문의는 평일(08:30~18:00)에 이용해 주십시오."
현대,모젠서비스,주차장에 차를 어디에 세워두었는지 도저히 찾을 수가 없습니다. 내 차의 주차 위치를 알 수 있을까요?,"고객님이 모젠센터에 주차위치 알림 서비스를 요청하시면, 상담원이 고객님 본인 확인 후 차량의 비상등 점멸 또는 동시에 경적이 울리도록 해 드립니다."
현대,모젠서비스,집에 가려고 ‘양재동 366-3번지’라고 말하니까 인식이 안됩니다.,"번지는 음성인식 지원이 되지 않습니다. 단말기 내비메뉴의 주소검색을 이용하시거나 모젠버튼을 눌러 상담원에게 요청하시면 됩니다. 번지수가 집이나 사무실이시라면 모젠웹페이지의 등록목적지에 `우리집','사무실'로 명을 말씀해주세요'멘트가 나온 후 `우리집','사무실'이라고 말씀하시면 인식이 가능합니다."
현대,모젠서비스,음성 인식이 계속 안됩니다.,음성인식은 조용환 환경에서 발성하서야 인식이 잘 됩니다. 혹시 창문을 연 상태라면 닫아주시고 동승자분간의 대화는 잠깐 중단하시고 말씀하여 주십시요. 이용방법을 자세히 들으시려면 `도움말'이라고 말씀하시면 됩니다. 발성하실때 조사는 빼시고 하시는 것이 인식에 도움이 됩니다. 예를 들어 강남역에 가시려면 `강남역이요'라고 말씀하시면 인식이 잘 안되고 `강남역'이라고 하셔야 인식이 됩니다. 저희 모젠의 음성인식은 국내 성인남녀의 평균적은 음성을 기준으로 개발되었으나 이용자에 따라서 인식이 잘 안될수도 있습니다. 그런 경우에는 모젠버튼을 누르셔서 비서서비스를 이용하여 주십시오.
현대,모젠서비스,"모젠 음성인식서비스에는 어떤 것들이 있나요?(이용방법,부가요금)","모젠 음성인식서비스의 경우 길안내, 날씨, 증권, 유머, 전화연결, 교통정보가 가능합니다. 이용방법 MTS-150/200/250 > Phone메뉴 -> ARS 연결 MTS-300 > 메뉴 or 모젠버튼 -> 음성정보 연결 ※ 음성통화료외 정보이용료 무료(길안내 서비스 이용 시, 패킷요금 부과)"
현대,모젠서비스,유무선 연동 서비스와 동기화가 무엇인가요?,"모젠 서비스 가입 고객들만 이용 할 수 있는 블루멤버스 홈페이지에서 입력해 놓은 일정관리, 전화번호부, 목적지 등 개인 정보를 모젠 단말기에서 확인할 수 있으며, 또한 단말기에서 등록한 정보를 홈페이지에서 확인할 수 있도록 유선과 무선이 연동하여 제공되는 서비스입니다. 미리 홈페이지에서 필요한 정보를 저장해 놓으시면 차 안에서 복잡한 조작없이 편리하게 이용할 수 있는 장점이 있습니다."
현대,모젠서비스,위험지역알림 DATA의 업데이트 주기는 어떻게 되나요?,"위험지역 DB 업데이트는 매월 2회 진행되며, 업데이트 시기에 홈페이지에 별도로 공지가 됩니다."
현대,모젠서비스,위험지역 알림 서비스를 받기 위해서는 별도의 이용료가 있나요?,"MTS-150.250.200 단말기는 위험지역 알림 서비스는 위험지역 DATA 다운로드시에만 이용료가 부과됩니다. `일반 요금제`를 선택하시면 이용료 없이 업데이트되는 위험지역 DB를 다운로드 받을 수 있으며, `라이트 요금제`는 다운로드 시 건당 2,000원의 이용료가 부과됩니다. 단, 위험지역 DB 다운로드 시 데이터 통신비용(데이터 용량에 따라 다르며, 약 500원 내외 소요)은 별도로 부과됩니다."
현대,모젠서비스,위험지역 DATA 업데이트는 어떻게 하나요?,"각 단말기 모델에 따라 아래와 같이 버튼 조작하시면 됩니다. 150 : 내비메뉴 버튼 >> NAVI 설정 >> 위험알림설정 >> 위험정보수신 200 : NAVI 버튼 >> NAVI 설정 >> 위험지역갱신 250계열 : NAVI 버튼 >> 메뉴 >> 환경설정(또는 내비설정) >> 위험알림설정 >> 위험정보 `수신' 450 : MAP GUIDE 버튼 >> BACK >> 환경설정 >> 과속위험정보갱신 단 TPEG 기능이 가능한 W255,W260,W350,W450모델은 TPEG 를 통해 자동으로 갱신됩니다."
현대,모젠서비스,원격진단 서비스는 어떻게 제공되나요?,"단말기 INFO 버튼을 누르시고, `차량관리 > 차량진단` 버튼을 눌러 이용이 가능합니다. 원격진단은 파워트레인 및 ABS/ESP 시스템을 진단하여 고장 발생시 후속 조치 사항을 상담원을 통해 안내받는 서비스입니다. 모젠 상담원을 통해 진단 내용을 설명 받고 긴급출동, 정비소까지 길안내 혹은 정비예약 등의 후속 조치를 안내 받으실 수 있습니다. 원격 진단 서비스는 모젠 서비스 가입 고객님만 이용할 수 있으며 일부 차량에서는 제공이 어려운 점 양해 부탁드립니다. ( 제외 단말기 - MTS-200,300)"
현대,모젠서비스,원격진단 서비스는 모젠 서비스에 가입하지 않아도 이용할 수 있나요?,원격 진단 서비스는 모젠 가입 고객에 한해 제공받을 수 있습니다.
현대,모젠서비스,자동차 키를 차 안에 두고 내렸습니다. 차 문을 모젠이 열어줄 수 있나요?,"차량의 키가 없거나, 차량 내에 두고 차문을 잠근 경우에 고객님이 차량 근처에서 모젠 센터에 잠금해제를 요청하면 상담원이 고객님 본인 확인 후 원격에서 잠금을 해제해 주는 서비스가 제공됩니다. 원격 문열림 서비스는 일부 차종에 서비스가 제공되지 않습니다. 단말기별 적용 서비스 항목에서 서비스 가능 여부를 확인해 주십시오."
현대,모젠서비스,에어백이 터지면 어떤 서비스가 제공되나요?,"모젠 고객 차량의 에어백이 전개되면 모젠 긴급구난센터로 사고가 자동 접수되어 상담원이 고객님의 차량으로 사고 상황을 알아보기 위해 전화를 하게 됩니다. 고객님은 침착하게 사고 상황만 말씀해 주시면 119 및 보험사 등에 출동요청을 해 드리며, 만약 차량 탑승자의 부상 정도가 심해 사고 상황을 설명할 수 없는 경우에는 자동으로 긴급 출동을 요청하게 됩니다."
현대,모젠서비스,소모품 관리 서비스도 모젠 서비스에 가입해야만 이용이 가능한가요?,소모품 관리 기능은 모젠 서비스에 가입하지 않아도 이용이 가능합니다.
현대,모젠서비스,상담원이 상세한 교통정보를 제공해 주지 못합니다.,운전 중인 상황을 고려하여 최대한 간결한 정보를 제공하기 위해 상담원이 음성으로 제공하는 교통정보는 정체 및 지체구간을 위주로 제공하고 있습니다. 좀더 자세한 정보는 문자 전송 방식으로 제공하고 있습니다. 정보를 요청하실 때 음성안내 후에 상담원에게 문자 전송을 요청하시면 됩니다.
현대,모젠서비스,상담원을 통해서 받을 수 있는 서비스는 무엇인가요?,"상담원을 통해 제공받을 수 있는 서비스는 길안내, 교통정보, 위치정보, 전화연결, 날씨정보, 증권정보와 음식점 정보가 있습니다."
현대,모젠서비스,등록한 배경화면은 어떻게 볼 수 있나요?,"배경화면을 보시려면 AV 모드(Radio, TV, CD, DVD)에서 `AV OFF` 버튼을 누르시면 됩니다. (W260모델은 display 버튼을 눌러서도 확인 가능함)"
현대,모젠서비스,가족 사진으로 배경화면 설정을 할 수 있나요?,"고객님의 개인 사진으로도 배경화면 설정이 가능합니다(MTS250,MTSW255,W260,450,W450만 지원). 개인 사진을 단말기 배경화면으로 등록하시려면, 먼저 모젠 홈페이지의 `My page>배경화면>My 배경화면`에서 원하시는 사진을 등록하시고, 모젠 단말기의 Info 버튼을 누르고 `환경설정>배경화면설정` 메뉴에서 등록하신 이미지를 다운받으신 후, 배경화면으로 설정하시면 됩니다. 다운로드 가능한 단말기의 저장 용량은 500Kbyte 이오니 저장 공간이 부족할 경우, 기존 다운로드한 정보를 삭제 하십시오. 배경화면은 약 20개의 이미지까지 저장이 가능합니다."
현대,모젠서비스,무선인터넷으로 다른 인터넷 사이트에 접속할 수 있나요?,"모젠 전용 무선웹 서비스이기 때문에, PC 환경에서 보실 수 있는 외부 사이트에는 접속하실 수는 없습니다."
현대,모젠서비스,"차량을 잃어버려 급하게 연락했는데, 본인확인 절차가 까다롭고 시간을 낭비하는 등 차량을 찾을 수 없었습니다.","도난추적서비스는 경찰에 도난신고가 접수된 경우에만 제공됩니다. 단, 고객과 112간의 3자통화 연결을 통해 고객의 유선 도난신고가 접수가 인정된 경우에 도난추적 서비스를 제공할 수 있습니다. 따라서, 경찰서(파출소)에 도난 신고접수가 되지 않은 경우, 유선 도난접수 절차는 반드시 거쳐야 하며, 이는 경찰의 도난추적 신고절차로 모젠센터의 서비스 절차와는 무관합니다."
현대,모젠서비스,"도난 추적 서비스 요청을 했는데, 차량회수가 안된다고 합니다.",도난 추적 서비스는 차량의 전류 공급 안정성을 위해 시동이 꺼진 후 48시간까지만 제공이 가능합니다. 따라서 시동이 꺼진 후 48시간 이후에 도난 차량에 재시동이 되지 않은 경우에는 차량의 위치추적이 불가능할 수 있습니다.
현대,모젠서비스,도난 추적 서비스 요청은 어떻게 해야 하나요?,"국번없이 080-600-6000으로 전화를 걸어서 접수하시면 됩니다. 별도의 이용료는 부과되지 않고, 통화료만 부과됩니다."
현대,모젠서비스,도난 신고접수는 언제든지 가능한가요?,"도난 신고접수는 가까운 경찰서나 파출소에서 본인이 직접 하셔야 합니다. 도난추적 서비스는 경찰관서에 도난신고가 사전 접수 된 경우에만 제공되는 서비스로 24시간 제공이 가능합니다. 도난신고접수가 안 된 경우, 모젠 상담원은 고객과 112와 모젠센터간의 3자 통화를 통해 고객이 경찰에 차량 도난 신고를 할 수 있도록 도와드리며, 112에서 도난 신고가 접수하여 인정하게 되면, 고객의 책임하에 위치정보를 경찰에 제공하고 있습니다."
현대,모젠서비스,도난 경보 알림 서비스는 어떻게 제공되나요?,"모젠 차량의 도난 경보가 작동하게 되면 모젠센터로 신호가 자동으로 접수되어, 고객 휴대폰으로 긴급상황임을 알리는 문자 메시지를 전송해 드립니다. 단, 시동을 끈 후 48시간이 경과되면 도난 경보 알림 서비스가 제공되지 않습니다. 차량을 도난 당했을 경우에는 080-600-6000으로 전화를 하셔서 도난 추적 서비스를 요청하시면 됩니다."
현대,모젠서비스,현재 내 차의 위치를 정확하게 친구에게 알려줄 수도 있나요?,"모젠 내차위치 전송은 고객님의 현재 차량 위치를 고객님 본인 모젠 홈페이지 및 다른 모젠 고객님의 차량 혹은 모젠 홈페이지에 전송해 주는 서비스입니다. 내차 위치 전송 서비스를 이용하시려면, 단말기 INFO 버튼을 누르시고 `차량관리 > 내차위치전송` 버튼을 선택하시면 됩니다. 단말기 화면에서 친구 차량의 모젠 전화번호를 입력하거나 홈페이지를 선택하시고, 확인을 누르시면 전송됩니다."
현대,모젠서비스,"혼잡통행료 징수시간에 (남산 1,3호터널)로 자꾸 안내하는 데 우회도로로는 안내가 안되나요?","단말기 내비게이션에 권장경로, 유료우선, 무료우선, 거리우선, 기타경로 총 5가지의 경로 탐색 조건을 지정할 수 있습니다. 목적지 설정 후 표시된 전체 경로 보기 화면에서 `선택` 버튼을 누르고, `다중경로` 버튼을 선택하면 경로탐색 방법을 지정할 수 있습니다."
현대,모젠서비스,예상 도착시각이 안 맞습니다.,"출발시 제공되는 예정 소요시각은 출발시점의 경로상의 교통상황을 반영하여 예측하여 제공하며, 출발 이후 교통상황의 변화가 반영이 되지 못하므로 정확한 도착 예정시각과 차이가 발생합니다. 따라서 단말기에 표시되는 도착예정시각은 참고 값으로 만 활용하시기 바랍니다."
현대,모젠서비스,연료절약 길안내를 이용하면 어떤 효과가 있나요?,"연료절약 길안내는 자체 평가 결과 빠른길 안내 대비 평균 12%의 연료절감 효과가 있습니다. 단, 운전자의 운전 성향, 차량상태, 기상조건, 교통상황 및 급가속 등에 의해 효과의 차이가 발생할 수 있습니다"
현대,모젠서비스,연료절약 길안내가 뭔가요?,"연료절약 길안내는 모젠만의 진일보한 교통정보, 가고자 하는 도로의 정보, 고객 차량 정보를 바탕으로 개발된 연료소모량 예측 모델을 적용하여 최소한의 연료가 소모되는 경로를 안내해 주는 모젠만의 새로운 컨셉의 길안내 서비스입니다."
현대,모젠서비스,"목적지의 명칭오류,누락,수정건이 있는 경우에 수정이 가능한가요?","단말기의 경우 약 20만건의 목적지 내장데이터가 있습니다. 단말기상의 목적지데이터의 경우 연2회 업그레이드시의 추가,삭제,변경이 가능하며 모젠센터에서는 주단위로 목적지데이터가 관리되고 있어 모젠센터를 통한 길안내시에는 업그레이드전이라도 반영이 가능합니다."
현대,모젠서비스,길안내를 받으면서 전화통화를 할 수 있나요?,"길안내 중에도 상담원과의 통화는 물론, 전화의 송수신 기능을 모두 이용할 수 있습니다. 단, 고객님의 안전을 위해 주행 중에는상담원을 이용한 전화걸기와 단축키를 이용한 전화 연결만 가능합니다."
현대,모젠서비스,"길안내 서비스를 받아서 목적지까지 갔는 데, 사고로 막혀서 오래 걸렸습니다.",모젠이 제공하는 길안내 서비스는 길안내를 요청하신 시점에 교통정보를 반영한 최적의 경로로 안내하게 되어 있습니다. 그러나 갑작스런 사고나 교통통제 등을 상황을 경로 안내에 반영하기 어렵습니다. 이런 경우에는 실제 교통규제 및 도로상황에 따라 주행해 주십시요.
현대,모젠서비스,"가까운 길을 두고 돌아가는 길로 안내하는 경우가 종종 있는데, 이유가 뭔가요?","모젠센터에서 추천하는 경로는 현재 시간의 도로 소통상황을 반영하여 빠른길을 안내하고 있습니다. 따라서 거리상으로 가깝더라도 정체구간을 포함하고 있다면, 다소 우회하더라도 소통상황이 원활한 경로로 안내하고 있습니다."
현대,모젠서비스,전국의 교통정보를 다 조회해 볼 수 있나요?,"현재 서울과 수도권 일부및 광역시의 주요도로와 고속도로에 대한 교통정보가 제공되고 있으며, 기타 지역에 대한 교통정보는 제공되지 않습니다. 향후 국가 ITS사업의 추진에 맞춰 지속적으로 교통정보 공급 대상 지역을 확대할 계획입니다."
현대,모젠서비스,"현대 긴급 출동봉사반에서 와서 시동을 걸어주었는데, 돈을 내라고 합니다.","현대 긴급출동의 경우, 보증수리 대상인 경우에는 출동비가 무상이나, 보증수리 초과 차량의 출동비는 현장에서 청구되며, 보증수리 차량의 경우에도 출동비는 무상이나 소요된 부품 등에 대해서는 고객이 비용을 지급합니다."
현대,모젠서비스,출동 요원이 견인을 하면서 특수 장비가 필요하다며 추가요금을 부담하라고 합니다.,"도로를 이탈하거나 장애물 등으로 인하여 자력으로 주행이 불가능하여 구난을 필요로 하는 경우에 긴급구난 서비스가 제공됩니다. 그러나 이 경우 별도의 구난장비 없이 견인차(렉카)로 구난이 가능한 경우에 한하며, 별도의 구난장비가 필요한 경우에는 추가비용을 지급하여야 합니다. 또한 구난작업 30분 초과시(현장도착에서 완료까지의 시간) 별도의 비용을 부담 하여야 합니다."
현대,모젠서비스,"자동차전용도로(올림픽도로, 강변북로 등)에서 휘발유가 떨어졌는데 긴급주유서비스는 안되고 견인을 해야합니다.","고속도로 및 자동차 전용도로에서 배터리충전, 타이어교체, 긴급주유, 문잠김해제 서비스 등을 요청하신 경우에는 안전을 위해 현장 조치가 불가하고 긴급 견인 서비스를 제공해 드립니다."
현대,모젠서비스,SOS 서비스로 긴급출동을 요청했을 경우 제공받을수 있는 서비스는 어떤것이 있나요?,"문잠김 해제, 긴급 주유(휘발유 3L, 경유 3L 이내), 예비타이어 교체, 배터리 충전, 견인, 구난 서비스를 제공 받으실 수 있습니다. 단, 일부 서비스는 고객이 요금을 추가로 부담하셔야 합니다. 견인의 경우 10KM 까지는 무료로 제공되나 초과시 1KM당 2,000원의 요금이 부과됩니다. 구난의 경우, 출동한 견인차로 30분이내의 거리면 무상이며, 30분 초과시는 별도의 요금이 부과 됩니다. 또한 별도의 구난차량이 필요한 경우에도 별도의 요금이 부과되며, 발생한 별도 요금은 출동한 업체에 직접 지급하시면 됩니다."
현대,블루링크,[서비스] 라이트 서비스가 무엇인가요?,"블루링크 5년 무료+ 요금제 무료 기간 만료 이후 추가 5년 동안 차량 안전과 연관된 SOS 긴급 출동, 에어백 전개 자동 통보, 교통정보, 전기차 배터리 모니터링을 제공하는 서비스 입니다."
현대,블루링크,[서비스] 블루링크 5년 무료 + 요금제 무료 기간 만료 이후 라이트 서비스 이용을 위해 별도 가입이 필요한가요?,블루링크 5년 무료 기간 만료 후 라이트 서비스로 자동 전환되므로 별도 가입이 불필요 합니다.
현대,블루링크,"[서비스] 라이트 서비스 전환 이후 원격 제어, 뮤직 스트리밍 등 블루링크 전체 서비스를 이용하려면 어떻게 해야 하나요?",마이현대 앱 홈 화면 내 블루링크 가입 또는 마이현대 로그인 > 하단 메뉴바 [마이] 선택 > [차량 관리] 선택 > [블루링크] 메뉴에서 유료전환을 신청하시면 전체 서비스 이용이 가능합니다.
현대,블루링크,[서비스] 블루링크를 가입하면 어떤 서비스가 제공되나요?,"블루링크를 가입하시면 차량 원격제어, 안전보안, 차량관리, 길 안내 서비스를 제공받으실 수 있습니다.
블루링크 자세한 서비스 안내는 아래 페이지를 참고해주세요."
현대,블루링크,[A/S] 블루링크 서비스 이용 시 오류가 발생합니다.,"블루링크 고객센터 또는 홈페이지 1:1문의에 문의해 주시면 신속하게 지원해 드리겠습니다.

블루링크 고객센터 080-600-6000
서비스 가입/해지/변경 등 (안전 보안 서비스 24시간 제공)
평일 08:30 ~ 18:00 (주말/공휴일 휴무)"
현대,블루링크,[A/S] 원격 공조 제어 서비스를 사용했는데 계속 비상등이 켜져 깜박입니다.,"원격 공조 제어 서비스 이용시 비상등이 함께 켜지는 것은 정상적인 현상입니다.

스마트키로 차량의 문을 여닫으실 때 비상등이 깜빡이는 것과 동일합니다.

또한 도로 안전상의 이유로 시동이 켜져 있다는 것을 외부에서도 확인할 수 있도록 시동과 비상등이 함께 작동됩니다."
현대,블루링크,[A/S] GPS 수신이 안됩니다.,"시동을 켠 후 수 분 동안 GPS가 인식되는 시간이 필요합니다.

혹은 GPS위성에서 발송하는 전파의 특성상 고가 밑, 지하차도, 도심 건물 밀집지역 등 GPS 수신 안테나가 가려지는 경우 수신 불량 상태가 발생 할 수 있습니다.

이 경우 장애물이 없는 위치로 차량을 이동하시면 GPS 수신 기능이 정상적으로 작동하게 됩니다.
만약 개방된 지역에서도 위성수신 상태가 불량하면 A/S를 통해 GPS 수신 장치의 정비를 받으시기 바랍니다."
현대,블루링크,[A/S] 주행 중에 시스템 조작이 안됩니다.,"고객님의 안전한 운행을 위해 주행 중에는 단말기 조작을 제한하고 있으며, 기어가 P단일 경우만 조작이 가능합니다.

시스템 조작을 통해 서비스를 이용하시려면 차량을 잠시 정차해 주세요.

단, 조작이 간단한 일부 서비스는 주행 중에도 사용이 가능합니다."
현대,블루링크,[요금제] 블루링크 유료 요금제가 어떻게 되나요?,블루링크 자세한 요금제 안내는 아래 페이지를 참고해주세요.
현대,블루링크,[요금제] 요금 미납을 했을 경우 가산금은 몇%인가요?,요금 미납 시 가산금은 당월 청구금액의 2%입니다.
현대,블루링크,[요금제] 요금제 납부 방식을 변경하고 싶습니다.,"블루링크 요금제 납부 방법 조회 및 변경은 아래 모바일 페이지 또는 블루링크 고객센터에서 가능합니다.

※ 법인/리스/렌트 차량은 블루링크 고객센터에서 처리 가능

요금제 납부 방법 조회- 블루링크 고객센터 080-600-6000

- 서비스 가입/해지/변경 등 (안전 보안 서비스 24시간 제공)

- 평일 08:30 ~ 18:00 (주말/공휴일 휴무)"
현대,블루링크,[요금제] 사용 중인 블루링크 요금제가 궁금합니다.,"블루링크 자세한 차종별 요금제 안내는 아래 페이지를 참고해주세요.

블루"
현대,블루링크,[가입] 블루링크는 어떻게 가입하나요?,"블루링크는 블루링크 앱 또는 내비게이션(내비게이션 가입은 출고 후 1년 이내 최초 개통 시)으로 가입하실 수 있습니다.

자세한 가입 안내는 아래 페이지를 참고해주세요.

블"
현대,블루링크,[가입] 중고차를 구입했는데 블루링크에 가입할 수 있나요?,"중고차 구매 후 블루링크 가입 시 유료로 이용 또는 무료 기간 승계가 가능하신 경우 무료 기간이 제공됩니다.
블루링크 요금제에 따라 무료 기간 승계 가능여부가 다르므로, 자세한 차종별 요금제안내는 아래 페이지를 참고해주세요.
※ 블루중고차 구매 시 마이현대 앱으로 가입하실 수 있습니다. 자세한 가입 안내는 아래 페이지를 참고해주세요.
※ 블"
현대,블루링크,[해지] 블루링크를 해지하고 싶습니다.,"블루링크 해지는 아래 모바일 페이지 또는 블루링크 고객센터에서 가능합니다.

블루링크 고객센터 080-600-6000
서비스 가입/해지/변경 등 (안전 보안 서비스 24시간 제공)
평일 08:30 ~ 18:00 (주말/공휴일 휴무)"
현대,블루링크,[해지] 블루링크 가입 차량을 매각하면 자동으로 해지되나요?,"블루링크 가입 차량을 매각하신 경우 반드시 블루링크 서비스를 해지하셔야 합니다. 블루링크 서비스를 해지하지 않으시면 계속 서비스 이용요금이 부과됩니다.

블루링크 해지는 아래 모바일 페이지 또는 블루링크 고객센터에서 가능합니다.

블루링크 고객센터 080-600-6000
서비스 가입/해지/변경 등 (안전 보안 서비스 24시간 제공)
평일 08:30 ~ 18:00 (주말/공휴일 휴무)"
현대,블루링크,[가입] 법인/리스/렌트 차량도 블루링크를 가입할 수 있나요?,"블루링크는 마이현대 앱 또는 내비게이션(내비게이션 가입은 출고 후 1년 이내 최초 개통 시)으로 가입하실 수 있습니다.
자세한 가입 안내는 아래 페이지를 참고해주세요.

블"
현대,블루링크,[변경] 가입자 정보는 어떻게 변경하나요?,"블루링크 고객센터에서 가입자 정보를 변경하실 수 있습니다.

블루링크 고객센터 080-600-6000
서비스 가입/해지/변경 등 (안전 보안 서비스 24시간 제공)
평일 08:30 ~ 18:00 (주말/공휴일 휴무)"
현대,블루링크,[가입] 차량 계약자와 실 사용자가 다를 경우 실 사용자 명의로 블루링크를 가입할 수 있나요?,"본인 명의 차량이 아닌 경우 마이현대 앱으로 가입하실 수 있습니다.
차량 계약자가 아닌 실 사용자 명의로 블루링크 가입을 희망하실 경우 실 사용자 명의로 마이현대 앱에 로그인하여 가입 진행해주세요.
자세한 가입 안내는 아래 페이지를 참고해주세요.

블"
현대,블루링크,[서비스] SOS 서비스로 긴급출동을 요청했을 경우 제공받을수 있는 서비스는 어떤것이 있나요?,"문잠김 해제, 긴급 주유(휘발유 3L, 경유 3L 이내), 예비타이어 교체, 배터리 충전, 견인, 구난 서비스를 제공 받으실 수 있습니다.
단, 일부 서비스는 고객이 요금을 추가로 부담하셔야 합니다. 견인의 경우 10km 까지는 무료로 제공되나 초과시 별도 요금이 부과됩니다.
구난의 경우, 출동한 견인차로 30분이내의 거리면 무상이며, 30분 초과시는 별도의 요금이 부과 됩니다.
또한 별도의 구난차량이 필요하거나 작업 난이도에 따라 별도의 요금이 부과되며, 발생한 별도 요금은 출동한 업체에 직접 지급하시면 됩니다."
현대,블루링크,[서비스] 도난 경보 알림 서비스는 어떻게 이용하나요?,"도난 경보 알림 서비스는 차량의 도난 경보가 작동하게 되면 블루링크 센터로 신호가 자동으로 접수되어, 고객 휴대폰으로 긴급상황임을 알리는 문자 메시지를 전송해 드리는 서비스입니다. 단, 시동을 끈 후 48시간이 경과되면 도난 경보 알림 서비스가 제공되지 않습니다.
차량을 도난 당했을 경우에는 블루링크 고객센터로 도난 추적 서비스를 요청하시면 됩니다.

블루링크 고객센터 080-600-6000
서비스 가입/해지/변경 등 (안전 보안 서비스 24시간 제공)
평일 08:30 ~ 18:00 (주말/공휴일 휴무)"
현대,블루링크,[서비스] 도난 추적 서비스 요청은 어떻게 해야 하나요?,"도난추적 서비스는 블루링크 고객센터에 요청하시면 됩니다. 단, 위치 정보 제공을 위해서는 반드시 경찰관서에 도난 신고를 하셔야만 합니다.
사전에 도난 신고가 접수되지 않은 경우에는 고객과 경찰서, 블루링크 고객센터 3자간 통화를 통해 고객님이 직접 도난 신고를 하실 수 있도록 도와 드립니다.

블루링크 고객센터 080-600-6000
서비스 가입/해지/변경 등 (안전 보안 서비스 24시간 제공)
평일 08:30 ~ 18:00 (주말/공휴일 휴무)"
현대,블루링크,[서비스] 에어백 전개 자동통보 서비스는 어떻게 이용하나요?,"에어백 전개 자동통보 서비스는 고객님 차량의 에어백이 전개되면 블루링크 고객센터로 사고가 자동 접수되어 상담원이 고객님의 차량으로 사고 상황을 알아보기 위해 전화 드립니다.
고객님은 침착하게 사고 상황만 말씀해 주시면 119 및 보험사 등에 출동요청을 해 드리며, 만약 차량 탑승자의 부상 정도가 심해 사고 상황을 설명할 수 없는 경우에는 자동으로 긴급 출동을 요청하게 됩니다."
현대,블루링크,[서비스] 블루링크 단말기는 어디에서 판매 하나요?,"블루링크 단말기는 차량 일체형으로 신규 차량구매시 옵션으로 구매하실 수 있으며, 단말기 만을 구입하여 기존에 보유하고 계신 차량에 별도로 장착 하실 수는 없습니다."
현대,블루링크,[앱] 마이현대 앱은 어떻게 사용하나요?,마이현대 앱 설치 및 로그인 등 자세한 이용 안내는 아래 페이지를 참고해주세요.
현대,블루링크,[앱] 마이현대 앱에 여러 대의 차량을 등록할 수 있나요?,"마이현대 앱 차량 등록 안내는 아래 페이지를 참고해주세요.

마이"
현대,블루링크,"[서비스] 자동차전용도로(올림픽도로, 강변북로 등)에서 휘발유가 떨어진 경우에도 긴급 주유 서비스가 제공되나요?","고속도로 및 자동차 전용도로에서 배터리충전, 타이어교체, 긴급주유, 문잠김해제 서비스 등을 요청하신 경우에는 안전을 위해 현장 조치가 아닌 긴급 견인 서비스가 제공 됩니다."
현대,블루링크,[서비스] 긴급 견인 출동 요원이 견인을 하면서 특수 장비가 필요한 경우 추가 비용이 드나요?,"도로를 이탈하거나 장애물 등으로 인해 자력 주행이 불가능하여 구난을 필요로 할 경우 긴급구난 서비스가 제공됩니다.
그러나 이 경우 별도의 구난장비 없이 견인차(렉카)로 구난이 가능한 경우에 한하며, 별도의 구난장비가 필요하거나 작업 난이도에 따라 추가비용을 지급하여야 합니다.
또한 구난작업 30분 초과시(현장도착에서 완료까지의 시간) 별도의 비용을 부담 하여야 합니다."
현대,블루링크,"[서비스] 도난 추적 서비스 요청을 했는데, 추적이 불가능한 경우가 있나요?","도난 추적 서비스는 차량의 전류 공급 안정성을 위해 시동이 꺼진 후 아래의 시간 동안 지원 가능합니다.
따라서 시동이 꺼진 후 아래 시간 이상 경과하여 이후에 도난 차량의 재시동이 되지 않는 경우에는 차량의 위치추적이 불가능할 수 있습니다.

- 블루링크 1.0 차량 : 시동이 꺼진 시점으로부터 48시간(2015년 4차 정기 업데이트 시 96시간)
- 블루링크 2.0 및 3.0 차량 : 시동이 꺼진 시점으로부터 96시간
- 10.25인치 이상의 내비게이션 장착 차량 : 시동이 꺼진 시점으로부터 168시간
- ccNC 장착 차량 : 시동이 꺼진 시점으로부터 336시간

- 과거 위치 정보 : 위치 정보 수집 시점으로부터 2주 이내"
현대,블루링크,[앱] 다른 사람에게 블루링크 가입 차량을 공유할 수 있나요?,"마이현대 앱에서 블루링크 가입 차량 공유가 가능합니다. 자세한 공유 안내는 아래 페이지를 참고해주세요.

마이"
현대,블루링크,[서비스] 차량진단 관리 서비스는 어떻게 이용하나요?,"차량진단 서비스는 차량의 계기판에 엔진/미션, ABS/EPS 관련 경고등이 점등된 경우 [차량진단] 버튼을 선택하시면 됩니다.
차량진단 관리 서비스 이용시 블루링크센터 상담원과 연결되어 상담원을 통해 진단 결과를 안내 받고 견인 및 정비소 안내 등 후속 조치를 지원 받으실 수 있습니다."
현대,현대 디지털 키,출고 이후 카드키만 따로 구매 가능한가요?,"NFC 카드키를 따로 구매하는 것은 가능하지만, 디지털키 옵션을 선택하지 않은 경우 등록은 불가능 합니다. 즉, 디지털키 옵션 선택한 경우에만 NFC 카드 키 등록이 가능합니다.

NFC 카드 키 구매는 전국 모비스 A/S망(오프라인) 및 블루멤버스 포인트몰(온라인)에서 구매할 수 있으며 카드 키 등록 방법은 크게 1. NFC 카드 키 등록 인증 → 2. 차량 내 카드 키 등록으로 이루어 집니다. 보다 자세한 절차는 위 ""NFC 카드키 등록은 어떻게 하나요?"" 문항을 참고 부탁드립니다."
현대,현대 디지털 키,디지털 키 App이 계속 자동으로 꺼지는데 어떻게 하나요?,"App이 자동으로 종료되는 현상은 크게 2가지로 나뉩니다. 각 경우에 해당하는 항목을 참고하세요.

1. 최신 버전 미지원: 현대 디지털 키 App이 최신 버전이 아닐 경우, 간혹 App이 종료될 수 있습니다. 이 경우 구글 플레이 스토어에서 App을 최신 버전으로 업데이트 하시면 정상 사용 가능합니다.

2. 보안 프로그램 충돌: 현대 디지털 키 App의 보안 솔루션 기능에서 Rooting이 탐지 될 경우 App이 자동으로 종료될 수 있습니다. 이 경우 스마트폰의 Root 권한을 사용하는 App을 삭제하시면 디지털 키 정상 사용 가능합니다.

■ 스마트폰의 Root 권한을 사용하는 App 확인 방법
구글 플레이 스토어 →“Root” 또는 “Superuser”로 검색 →해당 App 목록을 확인"
현대,현대 디지털 키,"소유 차량 등록 확인은 어떻게 하나요?(중고차, 명의변경)","중고차 혹은 명의변경의 경우는 다음과 같은 절차로 차량 등록 가능합니다. (자동차 등록원부 상 ""대표 명의자""만 인증이 가능합니다.)

■ 디지털 키 APP 메뉴 [차량 인증] - [디지털 키 차량 등록 확인] - [팝업된 정보 입력]"
현대,현대 디지털 키,공동명의 차량인데 차량 등록이 안되는데 어떻게 해야 하나요?,"현대 디지털 키 App은 '자동차 등록원부' 상 차량의 대표 명의자(1명)로 등재가 되어 있는 소유주 분만 인증이 가능합니다. 공동명의의 경우 역시 차량의 대표 명의자는 1명으로 대표 명의자가 키를 발급받고, 공동 명의자에게 키를 공유하는 방식으로 사용이 가능합니다.

■ 차량 대표 명의자 확인 방법
1) 인터넷 : 자동차 365(http://car365.go.kr)→ 자동차민원 대국민포털 → 등록원부발급(무료) → 차량 대표 명의자 확인"
현대,현대 디지털 키,휴대폰 nfc기능이 인식이 안돼요. 어떻게 해야하나요?,금속 혹은 두꺼운 핸드폰 케이스를 사용하거나 무선 충전 패드 위에 금속류의 부착물을 장착한 경우에는 전파 간섭에 의해 현대 디지털 키 이용에 제한이 있을 수 있습니다. 이 경우 휴대폰 케이스 및 패드 부착물 제거하시면 nfc 정상 인식 및 동작 가능합니다.
현대,현대 디지털 키,핀번호 잊은 경우에는 어떻게 하나요?,"홈페이지에서 마이페이지 상에 PIN 초기화 시, 탈퇴 없이도 본인인증을 하면 PIN을 새로 변경해 사용할 수 있습니다."
현대,현대 디지털 키,"안드로이드 OS 버전, 블루투스 버전 확인 방법은 어떻게 되나요?","안드로이드 OS 보는 법, 블루투스 버전 확인은 스마트폰 제조사 홈페이지를 참고해 주시기 바랍니다."
현대,현대 디지털 키,NFC 카드키 등록은 어떻게 하나요?,"NFC카드는 외부에서 구매가 가능해 발렛파킹 등에서 타인의 카드키를 쉽게 등록하는 것을 방지하기 위해 여러 인증 방법을 거쳐 등록이 가능합니다. NFC 카드 키 등록 방법은 다음과 같이 크게 2가지 절차로 구분됩니다.
1. NFC 카드 키 등록 인증
2. 차량 내 카드 키 등록

1. NFC 카드 키 등록 인증(3가지 방법 중 택일)
■ 블루투스 인증 방식
1) 현대 디지털 키 앱 에서 [카드 키 등록 인증] – [블루투스 인증] 선택
2) 인증 성공 메시지 확인 하고 5분 이내 [2. 차량 내 카드 키 등록] 절차 진행

■ NFC 인증 방식
1) 현대 디지털 키 앱에서 [카드 키 등록 인증] – [NFC 인증] 선택
2) 운전석/조수석 도어 손잡이에 디지털 키(스마트폰) 접촉하여 인증 수행
3) 인증 성공 메시지 확인 하고 5분 이내 [2. 차량 내 카드 키 등록] 절차 진행

■ 스마트 키 인증 방식(아이폰 사용자 포함 아반떼CN7, 쏘나타 DN8 20MY 및 이후 출시 차종에 한함)
1) 스마트 키 2개를 소지한 상태에서 차량에 탑승
2) [2. 차량 내 카드 키 등록] 절차 진행

2. 차량 내 카드 키 등록
1) 1개 이상의 스마트 FOB 키를 소지한 상태로 차량 탑승 합니다
2) 스마트폰 무선충전 패드에 카드 키를 거치합니다.
3) AVN 화면에서 '카드 키' > '등록' 버튼을 눌러 카드 키를 차량에 등록합니다."
현대,현대 디지털 키,LG 핸드폰은 GPS ON 해야 디지털키 사용이 가능한가요?,LG 기종 뿐만 아니라 삼성 기종에서도 일부 제조사/통신사 전용 서비스(각종 페이 등) 사용성 때문에 GPS를 켜야 NFC와 블루투스가 동작하는 스마트폰이 있습니다. 일반적으로 GPS ON 상태를 권장합니다.
현대,현대 디지털 키,법인 구매 고객은 주사용자 등록을 어떻게 하나요?,"법인 실운행 개인 고객 이용 가능합니다 (현대자동차 법인 페이지 통해 차량 등록 후 스마트폰에서 가능함)
상세 경로 : 현대자동차 홈페이지 법인 회원 가입 → 법인 로그인 → 법인 페이지 → (하단) 현대 디지털 키 주 사용자관리 → 주 사용자 등록/수정 → 개인 사용자 정보 입력 → 가입 안내 문자 발송 → 개인 스마트폰에서 등록 진행 하시면 됨 유선안내하고 문자로도 발송"
현대,현대 디지털 키,데이터가 없거나 수신이 안되는 지역에서도 사용이 가능한가요?,"데이터가 없거나 수신이 안되는 지역에서 사용시 문자 나옴 (오프라인에서 15회 사용 가능, 단 사용자 고의로 데이터 차단한 경우는 사용 불가)
> 15회 사용하면 도어 오픈 불가할 수 있어 스마트키나 카드키 사용시 초기화되어 사용 가능
> 15회 카운트는 디지털 키를 사용하는 개별 행위의 카운트입니다. (예 도어오픈, 시동, 시동종료, 도어클로즈 사용하면 4회/15 사용임)
> 데이터가 연결되면 15회 카운트는 리셋됩니다. 다시 데이터 음영지역으로 들어가 사용하면 1회 카운트부터 적용됩니다."
현대,현대 디지털 키,개인화 설정 방법은?,"1. 스마트폰 접촉 후 차량 문 열림 시 자동 조정 : 운전석 시트 (IMS 옵션)
2. 스마트폰으로 차량 시동 시 자동 조정 : HUD 위치 / 클러스터 세팅 / 드라이빙 모드 / AVN 설정 /아웃사이드 미러 등
* 디지털 키 NFC방식으로 (=스마트 폰키)도어 개폐 시, 시트 조정만 되고 디지털 키(=스마트 폰키)로 시동까지 걸어야 나머지 기능이 조정이 됨"
현대,현대 디지털 키,아이폰에 있는 유심 뽑아서 안드로이드 공기계에 넣어서 등록 가능한가요?,"원칙적으로 안드로이드 공기계가 디지털 키 설치가 가능한 스펙이라면 USIM을 넣어서 App 설치 및 키 페어링이 가능합니다. 이상태에서 USIM을 제외해 데이터 통신을 하지 못하는 채로 키를 사용하려고 하면, 키 사용이 곧 정지됩니다.(데이터 통신 없이는 디지털 키 사용 불가) USIM을 지속적으로 아이폰/안드로이드폰에 교체해서 사용하는 경우는 당사에서 품질테스트하지 않은 비정상 사용행태이기 때문에 사용성을 보장하지 못하여 이 방법을 권장하지 않습니다."
현대,현대 디지털 키,차량 등록 확인 시 업무 시간이 아니라는 메시지 팝업이 뜹니다.,"한국교통안전공단에서 운영하는 차량인증 서비스를 이용하기 때문에 해당 서버의 작동시간 외에는 정보 수신이 불가능합니다. 국가정보를 활용하는 방식이라 그쪽의 정책을 따를 수 밖에 없고, 정확한 이용 제한 시간을 당사에 사전 공지하지 않기 때문에 이용 장애 시 해당 메시지로 안내합니다."
현대,현대 디지털 키,어플 삭제 후 재 설치 시 차량 정보 조회 오류가 발생합니다.,"어플 삭제 후 재설치 하는 경우는 크게 3가지로 나뉩니다. 각 경우에 해당하는 항목을 참고하세요.

1. 단순 재설치(스마트폰 기기 동일, 휴대폰 번호 동일): 앱 재설치 이후 로그인 및 본인인증을 하시면 디지털 키 정상 사용 가능합니다.

2. 기기 변경 후 재설치(스마트폰 기기 변경, 휴대폰 번호 동일): 앱 재설치 이후 로그인 및 본인인증을 하신 후 차량-휴대폰 간 페어링 절차를 진행하시면 디지털 키 정상 사용 가능합니다.

3. 기기, 번호 변경 후 재설치(스마트폰 기기 변경, 휴대폰 번호 변경): 앱 재설치 이후 로그인 및 본인인증을 하신 후 1) 발생하는 팝업창을 통한 휴대전화 변경 및 2) 차량-휴대폰 간 페어링 절차를 진행하시면 디지털 키 정상 사용 가능합니다.

※ 기기변경(2,3)을 하신 경우 다음과 같은 주의사항이 있으니 반드시 숙지하시기 바랍니다.
※ 주의사항
1) 디지털키 발급한 이력이 있는 경우 차량내 AVN에서 기존 디지털키 삭제를 먼저 진행해야 함.
2) 공유 사용자가 있는 경우 디지털키 새로 발급 후 다시 공유해 주어야 함."
현대,현대 디지털 키,미지원 기종은 아예 앱스토어 '현대 디지털 키' 어플 검색 불가한가요?,"기본적으로 구글플레이에서 App을 검색할 때에는 OS 버전만 체크가 가능합니다. 미지원 스마트폰이더라도 안드로이드 OS 7.0이상의 스마트폰에서는 우선 검색 및 설치가 가능합니다. 단, App 구동 시 대상 스마트폰이 아니라는 메시지가 App에서 나오게 됩니다."
현대,현대 디지털 키,홈페이지 지원기종 탭에 없지만 최신 기종 이라면 언제 업데이트 예정인가요?,"홈페이지에 기재 되어있지 않은 모델일지라도, 호환 리스트에 있는 기종보다 이후에 출시된 최신 기종이라면(안드로이드 OS 7.0 이상, 블루투스 버전 4.2 이상, TEE 지원(디지털 키 암호화 보안영역 지원))현대 디지털 키 이용이 가능합니다.

다만, 중국계 스마트폰(화웨이, 샤오미 등)및 구글전용 폰, 삼성 및 LG의 저가 라인 등은 신규 스마트폰이더라도 TEE 영역 미지원으로 설치 및 실행이 안될 수 있습니다. (App 설치 후 구동 시 대상 스마트폰이 아니라고 나옴)
홈페이지 호환 리스트에도 디지털 키를 이용 가능한 최신 기종에 대해 빠르게 업데이트 할 수 있도록 하겠습니다."
현대,빌트인캠,빌트인 캠 녹화 영상이 없습니다. 어떻게 해야 하나요?,"① 녹화 설정 여부를 확인해 주세요.	
- 주행 중 상시 / 이벤트, 주차 중 상시 / 이벤트 모두 체크되어 있는지 확인해 주세요.

② 프로필별 설정 여부를 확인해 주세요.	
- 운전자1,2,게스트 모두 빌트인 캠 녹화 설정이 되어 있어야 운전자가 변경되어도 녹화가 유지됩니다.
※ 인포테인먼트 시스템에서 프로필 삭제 및 설정을 초기화 할 경우, 빌트인 캠 설정도 초기화되어 다시 설정이 필요합니다.

③ (주차 중 녹화가 안되는 경우) 주차 중 녹화 시간 설정값을 확인해 주세요.	
- 주차 중 녹화시간은 최대 10시간 or 12시간 설정이 가능합니다. (차종별 상이)

④ (주차 중 녹화가 안되는 경우) 보조배터리 충전량을 확인해 주세요.	
- 보조배터리 충전량이 충분치 않은 경우, 설정한 주차 중 녹화시간이 도달하기 전 녹화가 종료될 수 있습니다.
※ 보조배터리 연동한 녹화가능시간 확인 방법 : 인포테인먼트 시스템의 빌트인 캠 화면에서 '빌트인 캠 설정>녹화>주차 중 녹화 시간'을 선택하면 오른쪽 설명 문구에 현재 배터리로 녹화 가능한 시간을 확인할 수 있습니다.
※ 보조배터리 완충까지는 약 1시간 30분 이상 충분한 주행이 필요합니다. (차종별 상이)

⑤ 이벤트 감지 민감도 설정값을 확인해 주세요.	
- 출고시 민감도는 보통(3단계)으로 설정되어 있습니다. 필요시 민감도를 높여주세요."
현대,빌트인캠,업데이트 할 때 에러가 발생합니다. 어떻게 해야 하나요?,"① 다운로드한 파일을 확인해 주세요.		
- 다운로드 시 파일명은 변경하지 말아주세요.	
- 다운로드 시 파일 열기 또는 압축해제 하지 마시고, 그대로 USB 메모리에 저장해 주세요.	
- 차종을 맞게 선택하셨는지 다시 한번 확인해 주세요. (동일 차종 내 동력계통별, 연식별 파일 상이)	

② USB 연결 단자를 확인해 주세요.		
- 빌트인 캠 전용 단자는 멀티미디어 USB단자와 다르게 글로브 박스 또는 콘솔 박스 내부에 위치해 있습니다. (차종별 상이)"
현대,빌트인캠,스마트폰 USB 케이블 연결이 잘 안됩니다. 어떻게 해야 하나요?,"① 빌트인 캠 SW 버전을 확인하시고 최신 SW로 업그레이드해 주세요.	
- 최신 SW 버전이 아닌 경우, 스마트폰 연결시 오류가 발생할 수 있습니다.
※ 최신 SW 여부 확인 방법 : 인포테인먼트 시스템의 빌트인 캠 화면에서 '빌트인 캠 설정>빌트인 캠 소프트웨어 정보'를 선택하면 차량에 설치된 SW 정보를 확인할 수 있습니다.
최신 SW 버전 정보는 빌트인 캠 업데이트 홈페이지 공지사항을 확인하십시오.

② USB 케이블을 확인해 주세요.
- 데이터 통신이 가능한 USB 케이블 사용이 필요하며(충전용 케이블 사용 불가) 노후된 케이블 사용 시 연결이 되지 않을 수 있습니다."
현대,빌트인캠,이벤트 알림을 설정했는데도 알림 메세지가 오지 않습니다. 어떻게 해야 하나요?,"① 이벤트 알림은 민감도 설정값이 3단계 이하인 경우만 제공하고 있습니다. 	
민감도 4단계 이상 설정한 경우에도, 이벤트 알림 여부와 상관없이 녹화기능은 작동하고 있으니, 걱정마세요.
※ 민감도 4,5단계 이벤트 알림 없는 이유 : 이벤트 알림은 주차 후 최대 5회까지 제공되며, 민감도를 높게 설정할 경우 정말 중요한 이벤트 알림을 받을 수 없어 민감도 보통 이하에서만 알림을 제공하고 있습니다.
※ 이벤트 알림 설정 방법 : 인포테인먼트 시스템의 빌트인 캠 화면에서 '빌트인 캠 설정>녹화>주차 중 이벤트 알림'을 선택하면 커넥티드 서비스 앱을 통해 알림을 받을 수 있습니다. 단, 커넥티드 서비스에 가입 후 앱에서도 알림을 받도록 설정하여야 합니다.

② 이벤트 알림은 불필요한 알림이 가지 않도록 차량 잠금(도난경보장치 경계 상태) 후 발생한 이벤트에 대해서만 알림을 보내고 있습니다. 녹화 기능은 작동하고 있으니, 걱정 마세요."
현대,빌트인캠,녹화영상 관리 방법이 궁금합니다.,"주행 중 상시 영상은 최대 3시간, 주차 중 상시 영상은 최대 20시간, 주행/주차 중 충격감지 이벤트는 최대 40건, 수동 스위치 녹화는 최대 30건 까지 저장 가능합니다.	
저장공간 초과 시 가장 이른 녹화영상부터 자동 삭제되므로, 중요파일은 보관함[★]에 저장하시거나 사고 직후에도 차량 주행 필요 시 '주행중 녹화기능'을 꺼주세요.	
※ 주행 중 상시 / 주차 중 상시 / 주행 중 이벤트 / 주차 중 이벤트 영상은 독립적으로 분할 저장됩니다."
현대,빌트인캠,빌트인 캠 업데이트를 하지 않으면 영상 녹화가 안되나요?,"업데이트와 영상 녹화는 관련이 없습니다. 다만, 업데이트를 하지 않은 경우 스마트폰 연결 오류 등 일부 기능이 정상적으로 동작하지 않을 수 있으니 꼭 업데이트를 받으시기 바랍니다."
현대,빌트인캠,USB메모리 저장버튼이 활성화가 안됩니다. 어떻게 해야 하나요?,"USB 연결 단자를 확인해 주세요. 정상적으로 연결 시 화면 상단에 USB 연결 아이콘이 표시됩니다.
빌트인 캠 전용 단자는 멀티미디어 USB단자와 다르게 글로브 박스 또는 콘솔 박스 내부에 위치해 있습니다. (차종별 상이)"
현대,PLEOS 계정,현대자동차 통합계정을 Pleos 계정으로 전환하려는데 '이미 사용 중인 이메일'이라고 나옵니다. 제가 사용 중인 이메일인데 누가 제 이메일을 사용 중이라는 뜻인가요?,"고객님의 이메일을 가족이나 지인과 공유해 사용하고 있지 않은지 확인을 먼저 부탁드립니다. 
공유한 적이 있다면 가족 또는 지인이 해당 이메일로 Pleos 계정을 이용 중일 수 있습니다.

이런 경우가 아니라면 과거 다른 사용자가 고객님의 이메일을 사용 중일 때 생성된 계정일 수 있습니다. 
조금 번거로우시더라도 다른 이메일로 변경해 전환을 계속 진행하실 수 있습니다."
현대,PLEOS 계정,저는 계정 전환을 한 적이 없는데 전환완료 메일이 왔습니다. 무슨 내용인가요?,"고객님께서 직접 전환한 내역이 아니라면 과거 다른 사용자가 고객님의 이메일을 사용 중일 때 생성된 계정으로 전환을 시도한 것일 수 있습니다. 
고객님의 활동인지, 다른 사용자의 활동인지 등이 의심되신다면 Pleos 계정 고객센터로 연락주세요."
현대,PLEOS 계정,로그인 할 때마다 Pleos 계정으로 전환 안내 화면이 계속 나옵니다. 안 보이게 할 수 없나요?,"현대자동차 통합계정 사용자는 모두 Pleos 계정 전환 대상자 입니다. 
현대자동차 통합계정은 27년 1월까지만 운영되며 기간 내에 Pleos 계정으로 전환하지 않을 경우 더 이상 계정을 이용하실 수 없습니다. 
Pleos 계정 전환 안내 화면에서 Pleos 계정으로 전환을 완료하시면 더 이상 전환 안내 화면은 노출되지 않습니다."
현대,PLEOS 계정,만 14세 미만 사용자입니다. 만 14세 미만 보호자 동의를 한 것 같은데 왜 계속 뜨나요?,"만 14세 미만 사용자의 계정 생성 및 서비스 가입, 계정 전환 시에 보호자의 동의가 반드시 필요합니다. 
Pleos 계정 전환 과정 중 보호자 동의를 위한 보호자 본인인증 과정 중 완료하지 않고 이탈한 경우 동의가 완료되지 않은 상태이므로, 다음번 접속 시 동일하게 보호자 인증을 요구합니다. 이 과정을 모두 정확하게 마쳐야 이후부터 노출되지 않습니다."
현대,PLEOS 계정,현대자동차 통합계정에 가입한 이메일을 인증 할 수가 없습니다. 그럼 전환 할 수 없나요?,"Pleos 계정으로의 전환 과정 중 기존 이메일 인증이 되지 않은 현대자동차 통합계정 사용자에게는 이메일 인증 절차가 노출됩니다. 
절차에 따라 이메일 인증하시면 계속해서 계정 전환을 진행할 수 있습니다."
현대,PLEOS 계정,Pleos 계정으로 전환을 마쳤는데 또 전환 안내 화면이 노출됩니다. 왜 계속 나오나요?,"현대자동차그룹 Global One ID인 Pleos 계정은 현대, 기아, 제네시스 서비스 이용 시 모두 사용할 수 있는 통합계정입니다. 
기존 통합계정을 현대, 기아, 제네시스 모두 보유하고 있을 경우 각 브랜드별로 별도의 전환 과정을 진행하셔야 합니다. 
Pleos 계정 전환화면을 반복해서 보셨다면 이전에 다른 브랜드의 전환 과정만 진행하셨기 때문입니다. 
안내에 따라 전환하신 후 Pleos 계정을 통해 더 편리한 통합 계정 서비스를 경험하세요."
현대,PLEOS 계정,"Pleos 계정을 생성한 적이 없는데, 전환 과정 중 해외에서 가입한 계정이 있어 전환할 수 없다고 나옵니다. 어떻게 해야하나요?","현대자동차그룹 Global One ID인 Pleos 계정은 국내 외에도 유럽 등 다른 권역의 서비스 이용 시 가입하셨을 수 있습니다. 
이 경우 해당 아이디로 이용하시려던 국내 서비스에 1회 로그인하시면 이후부터 정상적으로 이용 또는 전환 절차를 진행하실 수 있습니다. 

더 자세한 확인이 필요하시다면 Pleos 계정 고객센터로 연락주세요."
현대,PLEOS 계정,계정 전환하려는데 탈퇴신청 중이어서 전환할 수 없다고 나옵니다. 어떻게 해야하나요?,"Pleos 계정 탈퇴 신청 상태로 전환을 계속 진행할 수 없는 상태여서 확인하신 메세지 입니다. 이 때에는 아래 두가지 방법으로 진행하실 수 있습니다.

1. 탈퇴를 취소하고 계속 해당 계정을 이용하고 싶은 경우: 직접 로그인 한 뒤 탈퇴 신청을 취소하고 계속해서 전환을 진행하시면 됩니다.
2. Pleos 계정은 탈퇴하고, 이용 중인 통합계정으로 계속 전환하고 싶은 경우: Pleos 계정 고객센터에 연락해 즉시 삭제 요청하여 계정을 삭제하신 뒤 현대자동차 통합계정을 Pleos 계정으로 전환 진행하시면 됩니다."
현대,PLEOS 계정,Pleos 계정 가입은 어디서 하나요?,"Pleos 계정은 Pleos 계정 만들기 화면을 통해 가입할 수 있습니다. 

[Pleos 계정 만들기]
방법1. 통합계정 로그인 화면 맨 하단 'Pleos 계정 만들기' 버튼 클릭 
방법2. 통합계정 로그인 화면 내 'Pleos 계정 로그인' 버튼 클릭 > Pleos 계정 로그인 화면 > 'Pleos 계정 만들기' 버튼 클릭"
현대,PLEOS 계정,Pleos 계정 아이디 찾기는 어떻게 하나요?,"Pleos 계정 이메일은 아래 위치에서 확인하실 수 있습니다.

[Pleos 계정 만들기]
통합계정 로그인 화면 내 'Pleos 계정 로그인' 버튼 클릭 > Pleos 계정 로그인 화면 > '이메일 찾기' 메뉴"
현대,PLEOS 계정,통합계정  비밀번호 찾기를 했는데 이미 Pleos 계정이 있다고 나와요.,"현대자동차 통합 계정 로그인을 위해 비밀번호 찾기를 했지만 'Pleos 계정 사용자'라고 안내 받으셨다면, Pleos 계정으로 전환된 계정입니다.
현대자동차 통합 계정에서 Pleos 계정으로 전환한 계정은 Pleos 계정 로그인 화면에서 로그인해 주셔야 합니다. 가입된 이메일이 기억나지 않는다면 Pleos 계정 이메일찾기로 확인하세요.

[Pleos 계정 로그인]
통합계정 로그인 화면 내 'Pleos 계정 로그인' 버튼 클릭 > Pleos 계정 로그인 화면

[Pleos 계정 이메일 찾기]
통합계정 로그인 화면 내 'Pleos 계정 로그인' 버튼 클릭 > Pleos 계정 로그인 화면 > '이메일 찾기' 메뉴"
현대,PLEOS 계정,현대자동차 통합 계정 신규 가입은 할 수 없나요?,"Pleos 계정 오픈 후 신규 계정 생성은 Pleos 계정으로만 가능하며, 기존 현대자동차 통합 계정은 할 수 없습니다. 
다만, 기존에 이용중인 현대자동차 통합 계정은 동일하게 이용하실 수 있습니다. 

[Pleos 계정 로그인]
통합 계정 로그인 화면 내 'Pleos 계정 로그인' 버튼 클릭 > Pleos 계정 로그인 화면으로 이동 후 로그인 가능

[Pleos 계정 만들기]
통합 계정 로그인 화면 내 'Pleos 계정 로그인' 버튼 클릭 > Pleos 계정 로그인 화면으로 이동  > 'Pleos 계정 만들기' 버튼 클릭"
현대,PLEOS 계정,Pleos 계정으로 서비스 로그인 시  현대자동차 통합계정이 있어서 전환하라는 안내가 노출 됩니다. 전환하면 기존 계정은 쓸 수 없게 되나요?,"현대자동차 통합계정을 보유한 사용자가 Pleos 계정 가입 후 현대자동차 서비스 이용 시  '현대자동차 통합 계정 전환 안내' 화면으로 연결됩니다. 
현대자동차 통합계정을 보유한 경우에는 반드시 전환을 하셔야 현대자동차 이용이 가능합니다. 
전환 시 유의 사항을 꼼꼼히 확인하신 후 전환해 주세요."
현대,PLEOS 계정,Pleos 계정에 가입을 했는데 로그인 시 아이디/비밀번호가 틀리다고 나오고 아이디 찾기를 해도 가입된 계정이 없다고 나옵니다.,"Pleos 계정으로 가입한 계정이나 아이디 찾기 시 가입된 계정이 없다고 나온다면 혹시 Pleos 계정 로그인 화면이 아닌 현대자동차 통합 계정 로그인 화면에서 로그인 시도하신 것은 아닌지 확인해 주세요. 

현대자동차 서비스는 2025년 10월29일부터 신규 계정 가입은 Pleos 계정으로만 가능하며, 해당 일자이후에 신규 가입한 Pleos 계정 로그인은 Pleos 계정 로그인 화면에서 해주셔야 합니다. 
다만 기존 가입자들은 여전히 현대자동차 통합 계정을 이용하고 있으므로 두 가지 형태의 로그인 화면이 존재하고 있어 헷갈리실 수 있습니다. 

로그인 화면에서 [Pleos 계정 로그인] 버튼이 보인다면 현대자동차 통합 계정 로그인 화면인 것이므로 [Pleos 계정 로그인] 버튼을 선택 후 Pleos 계정 로그인 화면으로 이동하셔서 다시 로그인을 시도해 주세요."
현대,PLEOS 계정,Pleos 계정 탈퇴는 어떻게 하나요?,"Pleos 계정 탈퇴는 로그인 후 My Info 메뉴에서 '계정 탈퇴'를 통해 하실 수 있습니다.
단, 유료 정기구독 상품 등 탈퇴 불가한 상태인 경우 탈퇴 신청이 불가할 수 있습니다. 
그런 경우 해당 서비스로 이동해 유료 결제 건 등을 해지하신 뒤 탈퇴 신청을 다시 진행해 주세요. 

계정 탈퇴 신청 후 15일 동안의 유예기간이 있고 해당 기간 내에 계정 탈퇴를 취소할 수 있습니다. 
단, 현대/기아/제네시스 앱/웹 서비스는 서비스 정책상 계정 탈퇴 신청 후 즉시 서비스 정보가 모두 해지가 될 수 있습니다. 이점 유념해 주세요.

계정의 정보는 탈퇴 신청 후 15일이 지나면 완전히 삭제되어 복구가 불가능하니 신중하게 결정해 주세요."
현대,PLEOS 계정,Pleos 계정 비밀번호 재설정은 어떻게 하나요?,"Pleos 계정 비밀번호 재설정은 아래 위치에서 확인하실 수 있습니다.

[Pleos 계정 비밀번호 재설정]
통합계정 로그인 화면 내 'Pleos 계정 로그인' 버튼 클릭 > Pleos 계정 로그인 화면 > '비밀번호 재설정' 메뉴"
현대,PLEOS 계정,Pleos 계정이 무엇인가요?,"Pleos 계정은 현대자동차그룹의 글로벌 원 아이디로 현대자동차그룹이 제공하는 디지털 서비스를 하나의 계정으로 이용하실 수 있는 통합 계정 서비스입니다.

현대, 기아, 제네시스 기존 계정을 보유하셨다면, 브랜드 별로 별도로 관리하던 계정을 Pleos 계정 하나로 통합해 사용할 수 있습니다. 특정 브랜드 또는 국가에 국한된 계정이 아니기 때문에 브랜드를 오가면서, 국가간 이동이 있더라도 고객은 Pleos 계정으로 연속성있게 사용할 수 있습니다.

Pleos 계정 알아보기▶"
현대,PLEOS 계정,계정전환은 어떻게 하나요?,"Pleos 계정 가입 후 현대자동차 서비스 이용 시 현대자동차 통합계정을 보유한 경우에는 '통합 계정 전환 안내' 화면으로 연결됩니다.
전환 시 유의 사항을 꼼꼼히 확인하신 후 전환해 주세요."
현대,PLEOS 계정,현대자동차 통합계정과 같은 이메일 주소로만 전환할 수 있나요?,"Pleos 계정으로 현대자동차서비스 이용 시 기존 현대자동차 통합 계정이 이미 있는 경우 현대자동차 통합 계정을 Pleos 계정으로 전환하셔야 이용이 가능합니다. 
이미 보유하신  현대자동차 통합 계정과 이메일 주소가 달라도 사용자 본인의 계정이라면 전환할 수 있습니다.
전환 시 유의 사항을 꼼꼼히 확인하신 후 전환해 주세요."
현대,PLEOS 계정,Pleos 계정은 탈퇴 신청 중인데 이미 서비스는 해지되었어요. 오류 아닌가요?,"Pleos 계정 탈퇴 신청은 신청 15일 이후에 완전히 탈퇴 됩니다. 
탈퇴 신청 상태에서는 얼마든지 탈퇴 신청을 취소하실 수 있습니다.
단, 이용해지를 시도한 서비스는 이용 해지가 즉시 이루어집니다. 서비스는 이미 이용해지 되었지만 Pleos 계정은 이후15일 간 '탈퇴 신청 중' 상태로 확인 될 수 있습니다.

Pleos 계정 탈퇴 신청 중일 때 서비스 이용을 다시 원하신다면 '탈퇴 신청 취소' 후 서비스 이용 가입 시 정상적으로 서비스를 다시 이용하실 수 있습니다.
이는 Pleos 계정과 서비스 간의 규정에 따른 정책으로, 관련해 문의사항이 있으시다면 사용 희망 서비스에 문의 부탁드립니다."
현대,PLEOS 계정,Pleos 계정으로 서비스 로그인 시  현대자동차 통합 휴면 계정이 이용할 수 없다고 나옵니다.,"Pleos 계정으로 현대, 기아, 제네시스 서비스 이용 시 휴면 상태의 통합 계정이 있다고 안내 화면을 보셨다면 다음과 같이 휴면 계정 해제 후 이용하실 수 있습니다. 

1. 휴면 계정을 계속 사용하고 싶으신 경우 
- 현대자동차 통합 계정 로그인 화면에서 휴면 처리된 계정으로 로그인 시도를 해주세요. 
- 아이디/비밀번호가 정확히 입력되었다면 휴면 계정임을 확인하고 본인인증 후 해제하실 수 있습니다. 
- 휴면 해제된 통합 계정으로 서비스를 이용해 주세요. 

2. Pleos 계정을 사용하고 싶으신 경우 
- 현대자동차 통합 계정 로그인 화면에서 휴면 처리된 계정으로 로그인 시도를 해주세요. 
- 아이디/비밀번호가 정확히 입력되었다면 휴면 계정임을 확인하고 본인인증 후 해제하실 수 있습니다. 
- Pleos 계정으로 다시 로그인 후 서비스를 이용하시면 전환 안내 화면을 통해 즉시 이용하실 수 있습니다."
현대,PLEOS 계정,현대자동차 서비스 이용을 위해 Pleos 계정으로 로그인했는데 개인정보 제공 동의가 나타납니다.,"Pleos 계정은 현대자동차그룹의 글로벌 원 아이디로 현대자동차그룹이 제공하는 디지털 서비스를 하나의 계정으로 이용하실 수 있는 통합 계정 서비스입니다.
따라서, 현대자동차 서비스 이용을 위해서는 현대자동차로의 개인정보 제공에 동의해 주셔야 서비스 이용이 가능합니다."
현대,PLEOS 계정,Pleos 계정으로 서비스 로그인 시  현대자동차 통합계정이 있어 서비스를 이용할수 없다고 나옵니다.,"Pleos 계정으로 현대, 기아, 제네시스 서비스 이용 시 통합 계정이 있어 서비스를 이용할 수 없다면서 고객센터로 문의하라고 안내 받으셨나요?
이 경우는 고객님이 로그인하신 Pleos 계정의 이메일을 다른 사람이 이미 현대, 기아, 제네시스 서비스에서 사용중인 경우 나타나는 안내 화면입니다. 

대부분 가족에게 현대, 기아, 제네시스 계정을 생성 시 고객님의 이메일로 만든 경우로 확인됩니다. 
고객님의 이메일로 부모님, 배우자, 자녀에게 계정을 만들어 주신 경우는 없는지 확인해 주세요. 
만약 가족에게 고객님의 메일로 현대, 기아, 제네시스 계정을 사용중인 경우가 없다면 번거로우시더라도 접속하신 서비스 고객센터로 문의해 주세요.

- 현대 고객센터 : 080-600-6000
- 기아 고객센터 : 080-200-2000
- 제네시스 고객센터 : 080-700-6000"
현대,PLEOS 계정,휴면계정인데 전환 할 수 있나요?,"현대자동차 통합계정이 휴면 상태라면 통합계정 로그인 후 휴면 해제 하시면 휴면 해제한 통합계정으로 현대자동차를 이용하실 수 있습니다. 
만약 새로 가입하신 Pleos 계정으로 현대자동차 이용을 원하시면 휴면 해제한 현대자동차 통합 계정을 Pleos 계정으로 전환하여 이용하실 수 있습니다."
현대,PLEOS 계정,통합계정 아이디 찾기를 했는데 이미 Pleos 계정이 있다고 나와요.,"현대자동차 통합 계정 로그인을 위해 아이디 찾기를 했지만 'Pleos 계정 사용자'라고 안내 받으셨다면, Pleos 계정으로 전환된 계정입니다.
현대자동차 통합 계정에서 Pleos 계정으로 전환한 계정은 Pleos 계정 로그인 화면에서 로그인해 주셔야 합니다. 

[Pleos 계정 로그인]
통합계정 로그인 화면 내 'Pleos 계정 로그인' 버튼 클릭 > Pleos 계정 로그인 화면

[Pleos 계정 이메일 찾기]
통합계정 로그인 화면 내 'Pleos 계정 로그인' 버튼 클릭 > Pleos 계정 로그인 화면 > '이메일 찾기' 메뉴"
현대,PLEOS 계정,통합계정에 로그인하려는데 Pleos로 전환된 계정이라고 나와요.,"현대자동차 통합 계정 로그인 시  'Pleos 계정 사용자'라고 안내 받으셨다면, Pleos 계정으로 전환된 계정입니다.
현대자동차 통합 계정에서 Pleos 계정으로 전환한 계정은 Pleos 계정 로그인 화면에서 로그인해 주셔야 합니다. Pleos 계정 로그인 화면으로 이동 후 로그인을 다시 시도해 주세요.

[Pleos 계정 로그인]
통합계정 로그인 화면 내 'Pleos 계정 로그인' 버튼 클릭 > Pleos 계정 로그인 화면"
현대,PLEOS 계정,"현대 앱/웹 서비스에서 계정 탈퇴를 신청하는데 제네시스, 기아 가입 서비스 내역은 왜 나오나요?","Pleos 계정 탈퇴 시 현대자동차그룹의  타 브랜드 서비스 가입 내역을 확인하셨군요.

Pleos 계정은 현대자동차그룹의 글로벌 원 아이디 서비스입니다.
하나의 계정으로 현대, 기아, 제네시스 디지털 서비스를 모두 이용할 수 있으므로 계정 탈퇴 시 특정 브랜드에 국한되지 않은 현재 이용 중인 서비스를 모두 확인할 수 있도록 제공하고 있습니다. 
가입 중인 모든 서비스를 한 눈에 확인하시고 Pleos 계정 탈퇴 여부를 신중하게 선택해주세요."
현대,기타,특허 제안 하는 방법 안내,"● 방법 1) 이메일 (ipinfo@hyundai.com) 접수
방법 2) 홈페이지 Q&A에서 특허 카테고리를 선택한 후, 접수

☞ 접수시, 특허 번호 (출원번호 또는 등록번호)와 기술 내용을 간략하게 작성합니다.
미공개된 특허의 경우, 특허 명세서를 첨부하여 주시기 바랍니다.
(특허의 기술 내용은 내부 검토 용도로만 활용되며 공개전 외부 유출은 없음을 알려드립니다.)
검토 결과는 접수된 이메일 주소로 통보하오며, 통상 30일이내 회신 드립니다.

※ 검토 절차 : 접수 → 특허 부서 내부 검토 → 개발/설계 부서 검토 → 결과 회신

● [참고] 일반적인 특허 진행은 “출원 → 공개 → 심사 → 등록” 순서로 진행이 됩니다.

☞ 특허는 출원 후 1년 6개월 후에 공개가 되며, (국내의 경우) 특허청에 심사 청구를 한 후,
심사관의 심사를 거친 이후 최종 등록이 이뤄집니다.
특허의 효력은 출원일로부터 20년(실용신안은 10년) 동안 권리를 취득한 국가 내에서만 발생합니다.
통상 국내의 경우, 출원에서 등록까지 대략 2~3년정도의 시간이 소요됩니다."
