브랜드,대분류,카테고리,질문,답변
테슬라,기능 및 충전,소프트웨어 업데이트,소프트웨어 업데이트,"Tesla 차량은 Wi-Fi로 새로운 기능을 추가하고 기존 기능을 향상시키는 OTA 소프트웨어 업데이트를 정기적으로 진행합니다 소프트웨어 업데이트 설치 소프트웨어 업데이트 설정 변경 자주 묻는 질문 터치스크린에서 '소프트웨어' 탭을 열어 새로운 소프트웨어 업데이트를 확인할 수 있습니다 새로운 업데이트 사용이 가능할 경우 중앙 터치스크린으로 알림을 받게되며, 업데이트를 즉시 설치하거나 나중에 설치할 수 있습니다 Tesla 앱에서 사용 가능한 업데이트를 확인할 수도 있습니다 업데이트를 사용할 수 있는 경우 앱의 시작 페이지에 '소프트웨어 업데이트'가 표시됩니다 소프트웨어 업데이트를 가장 빠르고 안정적으로 받으려면 차량을 Wi-Fi에 연결합니다 '컨트롤' > '소프트웨어' > '소프트웨어 업데이트 설정'을 눌러 소프트웨어 업데이트 설정을 조정할 수 있습니다 '우선 업데이트' 또는 '표준' 중 선택할 수 있습니다 '우선 업데이트'를 선택하면 차량 구성 및 지역에서 소프트웨어 업데이트가 가능한 즉시 소프트웨어를 업데이트할 수 있습니다 이 기능은 소프트웨어 업데이트 2019.16 이상에서만 사용할 수 있습니다 사용자 매뉴얼에는 소프트웨어 업데이트를 다운로드하고 소프트웨어 업데이트 설정을 조정하는 방법에 대한 단계별 지침이 있습니다 차량에 최적화된 최신 정보를 확인하려면 '컨트롤' > '정비'> '사용자 매뉴얼'을 탭하여 차량의 터치스크린에서 사용자 매뉴얼을 보세요 이 정보는 구입한 기능, 차량 구성, 시장 지역 및 소프트웨어 버전에 따라 차량별로 다릅니다 무선 소프트웨어 업데이트란 무엇인가요? 무선 소프트웨어 업데이트는 Wi-Fi를 사용하여 다운로드할 수 있는 차량 업데이트입니다 이 업데이트는 차량에 새로운 기능과 업데이트를 적용하며 시간이 지날수록 차량의 안전성을 높이고 새로운 기능을 추가합니다 소프트웨어 업데이트는 언제 사용할 수 있나요? 소프트웨어 업데이트는 지속적으로 이루어지며 모든 차량이 동시에 동일한 업데이트를 받는 것은 아닙니다 업데이트가 가능할 때 차량의 터치스크린과 Tesla 앱에서 알림이 표시됩니다 터치스크린에서 '컨트롤'> '소프트웨어'를 탭하여 차량 업데이트를 확인할 수 있습니다 차량이 업데이트를 확인하고 ""업데이트 확인 중...""을 표시합니다 대기 중인 소프트웨어 업데이트가 없는 경우 터치스크린에 ""차량 소프트웨어가 최신 버전입니다""라고 표시됩니다 사용 가능한 소프트웨어 업데이트가 있을 경우 터치스크린에 ""업데이트 이용 가능""이 표시됩니다 터치스크린의 화면 상단에 노란색 다운로드 아이콘도 표시됩니다 개별 요청에 따라 소프트웨어 업데이트를 보내지 않습니다 최신 소프트웨어 업데이트를 받으려면 Wi-Fi에 연결된 상태를 유지하는 것이 좋습니다 사용자 매뉴얼에는 차량을 Wi-Fi에 연결하는 방법에 대한 단계별 지침이 있습니다 참고: 새 Tesla 차량 인도 후, 첫 소프트웨어 업데이트가 제공되면 Tesla 앱을 통해 안내를 받게 됩니다 첫 소프트웨어 업데이트를 설치하기 전에는 일부 기능이 제공되지 않을 수 있습니다 소프트웨어 업데이트는 어떻게 작동하나요? 소프트웨어 업데이트에는 두 단계가 있습니다 다운로드 단계: 다운로드 단계에서는 새 업데이트가 무선으로 배포되고 차량에 설치할 준비가 됩니다 업데이트를 다운로드하는 동안에는 Wi-Fi에 연결되어 있어야 합니다 설치 단계: 설치 단계에서는 완전히 다운로드된 소프트웨어 업데이트가 차량에 설치됩니다 설치 중에는 안전 조치로서 차량을 운전할 수 없습니다 충전기에 연결되어 있는 경우 설치가 완료될 때까지 차량이 충전되지 않습니다 일부 소프트웨어 업데이트는 완료하는 데 몇 시간이 걸릴 수 있습니다 차량을 주차한 상태에서 소프트웨어를 업데이트해야 합니다 소프트웨어 업데이트를 가장 빠르고 안정적으로 받으려면 가능할 때마다 Wi-Fi를 켜고 연결된 상태로 두세요 소프트웨어 업데이트는 어떻게 시작하나요? 다음 방법 중 하나를 사용하여 소프트웨어 업데이트를 시작할 수 있습니다 노란색 시계 아이콘을 눌러 예약 창을 표시합니다 소프트웨어 업데이트 시간을 예약하거나 지금 설치할 수 있습니다 업데이트 설치 예약 시간을 설정하면, 업데이트가 시작될 때까지 노란색 시계 아이콘이 흰색 아이콘으로 바뀝니다 업데이트 전 언제든지 시계 아이콘을 눌러 업데이트 시간을 변경할 수 있습니다 '컨트롤' > '소프트웨어'를 탭하여 차량에 사용 가능한 소프트웨어 업데이트가 있는지 확인합니다 있을 경우 '업데이트 이용 가능'을 탭하여 예약 창으로 이동하세요 Tesla 앱에서 소프트웨어 업데이트를 시작합니다 다운로드가 시작되면 차량 터치스크린에 녹색 다운로드 아이콘이 나타납니다 차량 터치스크린에 노란색 다운로드 아이콘이 표시되면 소프트웨어 업데이트를 사용할 수 있지만, 현재 차량이 Wi-Fi에 연결되어 있지 않습니다 차량 소프트웨어 업데이트를 다운로드하려면 어떤 Wi-Fi 연결이 필요한가요? 빠르고 간편하게 다운로드하려면 차량이 Wi-Fi에 안정적으로(연결 강도를 나타내는 막대 3개 이상 표시) 연결되어 있어야 합니다 연결 강도를 나타내는 막대가 3개 미만인 경우 업데이트를 다운로드하기 전에 차량을 Wi-Fi 소스에 더 가깝게 이동하거나 연결 상태가 좋아질 때까지 기다려야 할 수 있습니다 Wi-Fi에 대한 도움이 필요한 경우 인터넷 서비스 제공업체에 문의하세요 소프트웨어 업데이트 중에 차량을 운전할 수 있나요? 안전 조치로서 설치 단계에서는 차량을 운전할 수 없습니다 다운로드 단계에서는 주행할 수 있습니다 단, 기어를 P(주차)에서 다른 위치로 변경하여 차량의 Wi-Fi 연결이 해제되면 다운로드가 중단될 수 있습니다 최신 소프트웨어 업데이트의 릴리스 노트를 어떻게 찾을 수 있나요? 차량의 최신 릴리스 노트를 확인하려면 '소프트웨어' > '릴리스 노트'를 탭합니다 소프트웨어의 버전을 어떻게 확인하나요? 차량의 최신 소프트웨어 버전을 확인하려면 터치스크린에서 '소프트웨어'를 탭합니다 Tesla 앱에서 사용 중인 버전을 확인할 수도 있습니다 현재 소프트웨어 버전은 시작 페이지의 VIN 하단에 표시됩니다 참고: 차량을 이전 소프트웨어 버전으로 되돌릴 수 없습니다 소프트웨어 업데이트 시작 후 소프트웨어 업데이트를 취소할 수 있나요? 업데이트 준비가 완료되면 어떻게 다시 시작하나요? 설치 단계가 시작되면 소프트웨어 업데이트를 취소할 수 없습니다 소프트웨어 업데이트가 제대로 설치되지 않는 것 같습니다 어떻게 문제를 해결하나요? 소프트웨어 업데이트에 실패했거나 업데이트 후 차량 또는 터치스크린이 응답하지 않으면 다음 단계를 따릅니다 먼저, 소프트웨어 업데이트 상태를 확인합니다 Tesla 앱에 '소프트웨어 업데이트 완료' 알림이 표시되지 않고 업데이트가 시작된 후 3시간이 지난 경우 터치스크린을 재부팅합니다 터치스크린을 재부팅하려면 Tesla 'T'가 터치스크린에 나타날 때까지 스티어링 휠에 있는 두 개의 스크롤 휠 버튼을 길게(약 20초) 누릅니다 계속 업데이트에 실패한다면 정비 일정을 예약합니다 소프트웨어 업데이트가 중단되어 계속 진행되지 않습니다 어떻게 해야 하나요? 업데이트를 다운로드하거나 설치하는 동안 차량이 Wi-Fi에 연결되어 있는지 확인하세요 업데이트가 진행되지 않는 경우 정비 예약을 하시기 바랍니다 소프트웨어 업데이트 후 Bluetooth 연결에서 미디어 재생 문제를 해결하려면 어떻게 해야 하나요? Bluetooth 연결에 문제가 있는 경우 다음 단계를 따릅니다 차량의 Bluetooth 설정 화면에서 장치를 연결 해제하고 삭제합니다 장치의 Bluetooth 설정에서 차량을 삭제합니다 장치를 차량과 다시 페어링을 시도합니다 기타 관련 문제가 발생한 경우 위에서 설명한 것처럼 터치스크린 재부팅을 시도합니다 소프트웨어 업데이트 후 발생한 key-less 승차 문제를 어떻게 해결하나요? 차량 탑승 관련 문제의 경우에는 필요한 키리스 엔트리 설정이 켜져 있는지 확인합니다 '휴대폰 키' 기능을 사용하는 경우에는 휴대폰이 '휴대폰 키'로 설정되어 있고 Tesla 앱이 백그라운드에서 실행 중인지 확인합니다 여전히 문제가 해결되지 않으면 Bluetooth 연결을 켜고 끕니다 아니면 휴대폰을 키로 다시 페어링합니다 휴대폰 키를 설정하고 모바일 장치와 페어링하는 방법에 대한 단계별 지침은 사용자 매뉴얼에서 확인할 수 있습니다 업데이트를 받았는데 왜 아무것도 변경되지 않나요? Tesla 차량은 크고 작은 소프트웨어 업데이트를 정기적으로 받습니다 작은 소프트웨어 업데이트는 주행 경험을 크게 변화시키지 않을 수 있습니다 소프트웨어를 업데이트하는 중에 차량을 충전할 수 있나요? OTA 업데이트 설치 중에는 차량이 충전되지 않습니다 충전 중에 소프트웨어 업데이트를 설치하면 업데이트 중에 차량 충전이 중지되고 업데이트가 완료되면 자동으로 충전이 재개됩니다 소프트웨어 업데이트 설치 소프트웨어 업데이트 설정 변경"
테슬라,기능 및 충전,보안 기능,차량 안전 및 보안 기능,"디자인 및 물리적 구조에서부터 강력한 보안에 이르기까지, Tesla 차량은 모든 측면에서 안전을 갖춰 개발되었습니다 Tesla 차량에는 활성화할 수있는 몇 가지 향상된 보안 기능이 있습니다 해당 기능을 활성화하려면 차량 터치스크린에서 '컨트롤' > '안전 및 보안'으로 이동합니다 보안 알람 주행용 비밀번호 감시 모드 수동 진입 설정 침입 센서 자주 묻는 질문 유효한 키 없이 차량의 도어나 트렁크를 여는 경우 알람이 울리고 외부 라이트가 깜빡입니다 터치스크린에서 보안 알람을 활성화하려면 '컨트롤' > '안전 및 보안' > '보안 알람'을 탭합니다 차량 하차 후 도어가 잠기고 차량 내부나 근처에서 키가 감지되지 않으면 1분 후에 보안 알람이 활성화됩니다 차량 알람을 중지하려면 키팝, 키 카드 또는 Tesla 앱을 통해 도어를 잠금 해제합니다"
테슬라,기능 및 충전,보안 기능,감시 모드,"차량에서 캡처된 감시 모드 기록이 Tesla와 공유되나요? 아니요 개인 정보 보호를 위해 감시 모드 기록은 Tesla로 전송되지 않습니다 2018년식 이상인 차량(소프트웨어 버전 2020.48.5 이상)의 경우, 기록이 온보드 메모리에 저장되며 차량 터치스크린에서 바로 볼 수 있습니다 감시 모드는 USB 드라이브가 설치되지 않은 상태에서도 유사한 방식으로 작동할 수 있으며 위협이 감지되면 휴대폰으로 경고를 보낼 수 있지만 이벤트 기록을 사용할 수는 없습니다."
테슬라,기능 및 충전,보안 기능,대시보드 카메라,"내 블랙박스를 올바르게 설치하려면 어떻게 하나요? 영상을 저장하고 검색하려면 올바르게 포맷된 USB 플래시 드라이브를 사용해야 합니다 올바르게 포맷된 USB 플래시 드라이브를 차량의 전면 USB 포트 중 하나에 삽입하면 터치스크린 상단에 블랙박스 아이콘이 나타납니다 플래시 드라이브를 포맷하려면 전면 USB 포트에 삽입하고 '안전 및 보안' > 'USB 장치 포맷'을 탭합니다 이렇게 하면 USB 플래시 드라이브가 exFAT로 포맷되고 TeslaCam 폴더가 생성됩니다 개인용 컴퓨터에서 플래시 드라이브를 포맷하는 방법에 대한 지침은 사용자 매뉴얼을 참조하세요 참고: 'USB 장치 포맷'을 드라이브가 포맷되고 기존 콘텐츠가 모두 지워집니다 USB 플래시 드라이브는 exFAT, FAT 32(Windows의 경우), MS-DOS FAT(Mac의 경우), ext3 또는 ext4로 포맷해야 합니다 NTFS는 지원되지 않습니다 USB 플래시 드라이브에는 TeslaCam이라는 기본 수준 폴더도 있어야 합니다 내 차량에서 캡처된 Dashcam(블랙박스) 기록이 Tesla와 공유되나요? 아니요 블랙박스는 올바르게 구성된 USB 드라이브를 전면 USB 포트 중 하나에 삽입한 경우에 사용할 수 있는 기능입니다 녹화된 모든 영상은 USB 드라이브에 로컬로 저장되며 Tesla로 전송되지 않습니다"
테슬라,기능 및 충전,DIY 매뉴얼,DIY(Do It Yourself) 매뉴얼,서비스 예약 없이 오너가 직접 진행할 수 있는 기본 정비 작업이 있습니다 Tesla 차량의 자가 정비 절차에 대한 단계별 지침은 아래의 가이드를 참조하세요 DIY (Do It Yourself) - Model S DIY (Do It Yourself) - Model 3 DIY (Do It Yourself) - Model X DIY (Do It Yourself) - Model Y DIY (Do It Yourself) - Cybertruck 자세한 정보는 사용자 매뉴얼에서 확인할 수 있습니다.
테슬라,기능 및 충전,수퍼차저,수퍼차저,"80,000대 이상의 글로벌 수퍼차저가 고객의 편의를 위하여 인기있는 여행 경로를 따라 식당, 상점, 화장실 및 Wi-Fi 핫스팟과 같은 편의시설 근처에 배치되어 있습니다 각 충전소에는 여러 대의 수퍼차저가 설치되어 있어 신속하게 충전한 후 다시 여정을 이어갈 수 있습니다 참고: 수퍼차저 충전소의 충전 속도는 배터리 팩의 크기와 연식, 충전 상태, 주변 온도 조건, 차량 옵션과 같은 여러 요인에 따라 달라질 수 있습니다 충전소의 팝업 카드에서 각 충전소의 최대 가용 kW를 확인할 수 있습니다 수퍼차저는 언제 사용해야 하나요? 장거리 여행에 적합한 수퍼차저는 Tesla를 신속하게 충전하여 다시 도로에서 주행할 수 있도록 설계되었습니다 일상적인 출퇴근이나 지역 주행 필요를 위해 다양한 가정용 충전 옵션이 있습니다 수퍼차저로 차량을 어떻게 충전합니까? 수퍼차저로 Tesla 차량을 충전하려면 먼저 차량의 터치스크린 또는 Tesla 앱을 사용해 충전 포트를 열어야 합니다 차량이 잠금 해제된 상태에서는 충전 포트 도어 하단을 눌러 충전 포트를 열 수도 있습니다 충전 커넥터를 차량 충전 포트에 연결합니다 충전이 시작되면 충전 포트 LED가 녹색으로 점멸합니다 Tesla 앱에서 충전 과정을 모니터링할 수 있습니다 충전이 완료되면 커넥터 핸들의 버튼을 눌러 래치를 해제하고 핸들을 충전 포트에서 당겨 충전 케이블을 분리하세요 충전 포트가 자동으로 닫힙니다 차량에서 커넥터를 분리하면 Tesla 앱의 결제방법으로 곧바로 결제가 처리됩니다 100%까지 충전해야 합니까? 내비게이션이 활성화되어 있는 경우 차량은 경로에 있는 다음 수퍼차저에 도달하는 데 필요한 충전 수준을 권장합니다 사용량이 많은 수퍼차저의 혼잡을 줄이기 위해 차량의 충전 한도를 자동으로 80%로 조정될 수 있습니다 차량에 연결한 후 차량 터치스크린 또는 Tesla 앱을 사용하여 충전 한도를 수동으로 높일 수 있습니다 참고: 배터리가 충전될수록 충전 속도가 느려지므로, 일반적으로 80% 충전보다 100% 충전에 더 오랜 시간이 걸립니다"
테슬라,기능 및 충전,홈차징,Tesla 홈차징,"전기차를 집에서 충전하는 것은 편리하고 경제적입니다 전기차 가정용 충전기를 설치하면 주차 공간에서 간단히 플러그를 연결하여 사용량이 적은 시간에 저렴한 야간 전기 요금으로 이용할 수 있습니다 아래의 단계를 따라 Tesla의 가정용 충전기를 설치하고 경험해 보시기 바랍니다 가정용 충전기 옵션 검토하기 계약업체에 문의하기 장비 주문하기 충전기 설치하기 플러그를 연결하고 충전하기 집에서 전기차를 충전할 수 있는 다양한 장비 옵션이 있습니다 일상적인 운전 습관, 매일 밤 주차하는 장소와 소유하고 있는 차량의 종류를 고려한 뒤 아래 옵션을 검토합니다 혜택 가장 편리한 가정용 충전 옵션 모든 전기차와 호환 가능 충전 예약 및 기록 원격 진단 실외 환경과 호환 충전 요금 최대 10.5kW(60A 차단기)1 자세히 알아보기 월 커넥터 혜택 표준 가정용 콘센트 또는 220V 콘센트에 연결 외부 환경에서도 휴대 및 사용 가능 충전 요금 220V 콘센트가 있는 표준 가정용 콘센트(설치가 필요할 수 있음)의 경우 3kW 자세히 알아보기 모바일 커넥터 충전 설정에 따라 설치에 최대 수 시간이 걸릴 수 있습니다 가정용 충전기가 올바르게 작동하는지 여부는 항상 계약업체와 함께 검사합니다."
테슬라,기능 및 충전,홈차징,설치 리소스,"월 커넥터 설치하고 초기 설정하기 설치 설명서 및 제품 가이드 설치 후에는 Tesla 가정용 충전기의 모든 혜택을 누릴 수 있습니다 월 커넥터의 Wi-Fi 연결 기능을 활용하면 Tesla 앱을 통해 충전 상태를 제어하고 관리할 수 있으며, Tesla 차량 외의 다른 전기차에도 사용할 수 있습니다 또한 충전 통계 확인, 접근 제어 설정, 문제 발생 시 원격 진단 등 다양한 기능도 함께 제공됩니다 모바일 커넥터를 사용하면 차량 터치스크린과 Tesla 앱을 통해 충전을 관리하고 제어할 수 있습니다 Tesla 월 커넥터를 설치해야 하나요? Tesla에서는 예약 기능 및 타사 전기차와의 호환성 등 최고의 편의성을 보장하는 월 커넥터를 가정용 충전 솔루션으로 권장하고 있습니다 그러나 Tesla 차량은 모바일 커넥터로도 충전할 수 있습니다 집에 220V 콘센트가 있다면 모바일 커넥터가 좋은 충전 옵션이 될 수 있습니다 Model 3 후륜구동 또는 Model Y 후륜구동 모델에 가장 적합한 가정용 충전 유형은 무엇인가요? 월 커넥터는 Model 3 후륜구동, Model Y 후륜구동 및 Model Y 사륜구동 모델에 최대 충전 속도(32A – 최대 7kW)를 제공합니다 월 커넥터는 40A 회로 차단기(32A 출력)에 설치할 수 있습니다 기존 콘센트가 있는 경우 어떻게 해야 하나요? 월 커넥터는 가장 빠른 충전 속도 및 최대의 편리성을 제공하므로 가정용 충전에 적합합니다 그러나 Tesla 차량 역시 범용 콘센트에서 모바일 커넥터로 충전할 수 있습니다 참고: 기존의 가정용 콘센트를 사용하려는 경우 Tesla는 사용 전에  한국 공인 전기 계약업체에 연락하여 점검을 받는 것을 권장합니다 집에서 충전 효율을 극대화하려면 월 커넥터를 설치하는 것이 좋습니다 Tesla 이외 전기차를 소유하고 있다면 어떻게 되나요? 월 커넥터로 타사 모든 전기차를 충전할 수 있습니다 충전 속도는 차량 및 사용 가능한 전력에 따라 다릅니다 두 대의 전기차를 보유하고 있습니다 두 차량을 동시에 충전하는 가장 좋은 방법은 무엇인가요? 그룹 전력 관리 기능으로 구성된 월 커넥터 2대를 설치하는 것이 가장 효율적인 선택입니다 Tesla 가정용 충전기를 설치하는 데 비용이 얼마나 필요하나요? 설치 비용은 전기 시스템 및 설치 유형에 따라 다릅니다 견적을 받으려면 한국 공인 전기 계약업체에 문의하세요 월 커넥터를 Wi-Fi에 어떻게 연결하나요? 월 커넥터를 Wi-Fi에 연결하는 단계를 따르면 무선 펌웨어 업데이트 및 원격 진단을 통해 월 커넥터를 최신 상태로 유지할 수 있습니다 아파트 또는 콘도에 거주하고 있습니다 여전히 가정용 충전기를 설치할 수 있나요? 법적으로 공동 주택에서 전기차 충전을 허용해야 하는 사례가 점차 증가하고 있습니다 또한 설치 비용 절감을 위해 오너 또는 오너 측 부동산 관리자에게 인센티브가 제공될 수 있습니다 충전기 설치에 대해서는 부동산 관리자에게 문의하세요 전기차를 집에서 충전하는 가장 좋은 방법은 무엇인가요? 매일 저녁 차량을 충전기에 연결하여 배터리를 완전 충전하기를 권장드립니다 야간 전기 요금이 낮은 경우에는 충전 시간을 전기 사용량이 적은 시간으로 설정합니다 배터리를 몇 퍼센트까지 충전해야 하나요? 설치된 배터리를 고려하여 Tesla 차량에 적합한 충전 한도까지 배터리를 충전하세요 차량의 충전 한도를 조정하려면 터치스크린이나 Tesla 앱에서 충전 화면을 열고 슬라이더를 조절하세요 최적의 성능을 위해 배터리별로 충전 습관을 다르게 설정해야 합니다 차량의 터치스크린에 배터리의 권장 충전 한도가 표시됩니다 타사 전기차의 경우에는 차량 제조사의 지침을 참조하세요 전기차를 충전하는데 시간이 얼마나 걸리나요? Tesla 차량 충전 속도는 모바일 커넥터 또는 월 커넥터 사용 여부와 차량 모델에 따라 다릅니다 타사 전기차의 충전 속도에 대한 내용은 차량 제조사 지침을 참조하세요 설치 설명서 및 제품 가이드 문제 해결하기 1 Tesla 차량의 월 커넥터 및 모바일 커넥터 충전 속도 표를 참조하세요 Model 3 후륜구동 및 Model Y 후륜구동 모델의 최대 충전 속도는 32A입니다 Tesla 이외 차량의 충전 속도는 다를 수 있습니다 가정용 충전기 옵션 검토하기 충전기 설치하기 플러그를 연결하고 충전하기 자주 묻는 질문 추가 리소스"
테슬라,기능 및 충전,충전 및 어댑터,충전 및 어댑터 제품 매뉴얼,"모바일 커넥터, 월 커넥터 및 기타 Tesla 충전 제품에 대한 제품 안내 자료를 찾아보세요 Tesla 충전 제품에 대한 사용자 매뉴얼에서 문제 해결 단계 및 일반 정보와 안전 정보를 살펴보세요 Gen 2 모바일 커넥터 사용자 매뉴얼 Gen 1 모바일 커넥터 사용자 매뉴얼 CHAdeMO 어댑터 사용자 매뉴얼 GB 어댑터 사용자 매뉴얼 CCS2-NACS 어댑터 CCS1-NACS 어댑터 CCS 콤보 2 어댑터 사용자 매뉴얼 CCS 콤보 1 어댑터 사용자 매뉴얼 J1772 어댑터 사용자 매뉴얼"
테슬라,기능 및 충전,충전 및 어댑터,모바일 커넥터 Gen 3 사용자 매뉴얼,"지침, 문제 해결 단계 등을 보려면 모바일 커넥터 Gen 3 사용자 매뉴얼을 다운로드하세요 북미 지역을 위한 리소스

모바일 커넥터 Gen 3 사용자 매뉴얼 - 북미(English)
모바일 커넥터 Gen 3 사용자 매뉴얼 - 북미(Español)
모바일 커넥터 Gen 3 사용자 매뉴얼 - 북미(Français) 모바일 커넥터 Gen 3 사용자 매뉴얼 - 북미(English) 모바일 커넥터 Gen 3 사용자 매뉴얼 - 북미(Español) 모바일 커넥터 Gen 3 사용자 매뉴얼 - 북미(Français) 유럽 및 중동 지역을 위한 리소스

Mobile Connector Gen 3 Owner's Manual - Europe (Català)
Mobile Connector Gen 3 Owner's Manual - Europe (Dansk)
Mobile Connector Gen 3 Owner's Manual - Europe (Deutsch)
Mobile Connector Gen 3 Owner’s Manual - Europe (Eesti)
Mobile Connector Gen 3 Owner's Manual - Europe (English)
Mobile Connector Gen 3 Owner's Manual - Europe (Español)
Mobile Connector Gen 3 Owner's Manual - Europe (Français)
Mobile Connector Gen 3 Owner's Manual - Europe (Italiano)
Mobile Connector Gen 3 Owner’s Manual - Europe (Latvija)
Mobile Connector Gen 3 Owner's Manual - Europe (Nederlands)
Mobile Connector Gen 3 Owner's Manual - Europe (Norsk)
Mobile Connector Gen 3 Owner's Manual - Europe (Português)
Mobile Connector Gen 3 Owner’s Manual - Europe (Slovenčina)
Mobile Connector Gen 3 Owner's Manual - Europe (Suomi)
Mobile Connector Gen 3 Owner's Manual - Europe (Svenska) Mobile Connector Gen 3 Owner's Manual - Europe (Català) Mobile Connector Gen 3 Owner's Manual - Europe (Dansk) Mobile Connector Gen 3 Owner's Manual - Europe (Deutsch) Mobile Connector Gen 3 Owner’s Manual - Europe (Eesti) Mobile Connector Gen 3 Owner's Manual - Europe (English) Mobile Connector Gen 3 Owner's Manual - Europe (Español) Mobile Connector Gen 3 Owner's Manual - Europe (Français) Mobile Connector Gen 3 Owner's Manual - Europe (Italiano) Mobile Connector Gen 3 Owner’s Manual - Europe (Latvija) Mobile Connector Gen 3 Owner's Manual - Europe (Nederlands) Mobile Connector Gen 3 Owner's Manual - Europe (Norsk) Mobile Connector Gen 3 Owner's Manual - Europe (Português) Mobile Connector Gen 3 Owner’s Manual - Europe (Slovenčina) Mobile Connector Gen 3 Owner's Manual - Europe (Suomi) Mobile Connector Gen 3 Owner's Manual - Europe (Svenska) 아시아 태평양 지역을 위한 리소스

모바일 커넥터 Gen 3 사용자 매뉴얼 - 일본(English)
모바일 커넥터 Gen 3 사용자 매뉴얼 - 일본(Japanese) 모바일 커넥터 Gen 3 사용자 매뉴얼 - 일본(English) 모바일 커넥터 Gen 3 사용자 매뉴얼 - 일본(Japanese)"
테슬라,기능 및 충전,충전 및 어댑터,Gen 2 모바일 커넥터 사용자 매뉴얼,"지침, 문제 해결 단계 등을 보려면 모바일 커넥터 Gen 2 사용자 매뉴얼을 다운로드하세요 북미 지역을 위한 리소스

모바일 커넥터 Gen 2 사용자 매뉴얼 - 북미(English)
모바일 커넥터 Gen 2 사용자 매뉴얼 - 북미(Español)
모바일 커넥터 Gen 2 사용자 매뉴얼 - 북미(Français) 모바일 커넥터 Gen 2 사용자 매뉴얼 - 북미(English) 모바일 커넥터 Gen 2 사용자 매뉴얼 - 북미(Español) 모바일 커넥터 Gen 2 사용자 매뉴얼 - 북미(Français) 유럽 및 중동 지역을 위한 리소스

모바일 커넥터 Gen 2 사용자 매뉴얼 - 유럽(Català)
모바일 커넥터 Gen 2 사용자 매뉴얼 - 유럽(Dansk)
모바일 커넥터 Gen 2 사용자 매뉴얼 - 유럽(Deutsch)
모바일 커넥터 Gen 2 사용자 매뉴얼 - 유럽(English)
모바일 커넥터 Gen 2 사용자 매뉴얼 - 유럽(Español)
모바일 커넥터 Gen 2 사용자 매뉴얼 - 유럽(Français)
모바일 커넥터 Gen 2 사용자 매뉴얼 - 유럽(Italiano)
모바일 커넥터 Gen 2 사용자 매뉴얼 - 유럽(Nederlands)
모바일 커넥터 Gen 2 사용자 매뉴얼 - 유럽(Norsk)
모바일 커넥터 Gen 2 사용자 매뉴얼 - 유럽(Português)
모바일 커넥터 Gen 2 사용자 매뉴얼 - 유럽(Suomi)
모바일 커넥터 Gen 2 사용자 매뉴얼 - 유럽(Svenska)
모바일 커넥터 Gen 2 사용자 매뉴얼 - 중동(Arabic) 모바일 커넥터 Gen 2 사용자 매뉴얼 - 유럽(Català) 모바일 커넥터 Gen 2 사용자 매뉴얼 - 유럽(Dansk) 모바일 커넥터 Gen 2 사용자 매뉴얼 - 유럽(Deutsch) 모바일 커넥터 Gen 2 사용자 매뉴얼 - 유럽(English) 모바일 커넥터 Gen 2 사용자 매뉴얼 - 유럽(Español) 모바일 커넥터 Gen 2 사용자 매뉴얼 - 유럽(Français) 모바일 커넥터 Gen 2 사용자 매뉴얼 - 유럽(Italiano) 모바일 커넥터 Gen 2 사용자 매뉴얼 - 유럽(Nederlands) 모바일 커넥터 Gen 2 사용자 매뉴얼 - 유럽(Norsk) 모바일 커넥터 Gen 2 사용자 매뉴얼 - 유럽(Português) 모바일 커넥터 Gen 2 사용자 매뉴얼 - 유럽(Suomi) 모바일 커넥터 Gen 2 사용자 매뉴얼 - 유럽(Svenska) 모바일 커넥터 Gen 2 사용자 매뉴얼 - 중동(Arabic) 아시아 태평양 지역을 위한 리소스

모바일 커넥터 Gen 2 사용자 매뉴얼 - 호주(English)
모바일 커넥터 Gen 2 사용자 매뉴얼 - 중국(English)
모바일 커넥터 Gen 2 사용자 매뉴얼 - 중국(中文)
모바일 커넥터 Gen 2 사용자 매뉴얼 - 홍콩(English)
모바일 커넥터 Gen 2 사용자 매뉴얼 - 홍콩(繁體中文)
모바일 커넥터 Gen 2 사용자 매뉴얼 - 일본(English)
모바일 커넥터 Gen 2 사용자 매뉴얼 - 일본(日本語)
모바일 커넥터 Gen 2 사용자 매뉴얼 - 한국(English)
모바일 커넥터 Gen 2 사용자 매뉴얼 - 한국(한국어)
모바일 커넥터 Gen 2 사용자 매뉴얼 - 마카오(English)
모바일 커넥터 Gen 2 사용자 매뉴얼 - 마카오(中文)
모바일 커넥터 Gen 2 사용자 매뉴얼 - 뉴질랜드(English)
모바일 커넥터 Gen 2 사용자 매뉴얼 - 대만(English)
모바일 커넥터 Gen 2 사용자 매뉴얼 - 대만(台灣) 모바일 커넥터 Gen 2 사용자 매뉴얼 - 호주(English) 모바일 커넥터 Gen 2 사용자 매뉴얼 - 중국(English) 모바일 커넥터 Gen 2 사용자 매뉴얼 - 중국(中文) 모바일 커넥터 Gen 2 사용자 매뉴얼 - 홍콩(English) 모바일 커넥터 Gen 2 사용자 매뉴얼 - 홍콩(繁體中文) 모바일 커넥터 Gen 2 사용자 매뉴얼 - 일본(English) 모바일 커넥터 Gen 2 사용자 매뉴얼 - 일본(日本語) 모바일 커넥터 Gen 2 사용자 매뉴얼 - 한국(English) 모바일 커넥터 Gen 2 사용자 매뉴얼 - 한국(한국어) 모바일 커넥터 Gen 2 사용자 매뉴얼 - 마카오(English) 모바일 커넥터 Gen 2 사용자 매뉴얼 - 마카오(中文) 모바일 커넥터 Gen 2 사용자 매뉴얼 - 뉴질랜드(English) 모바일 커넥터 Gen 2 사용자 매뉴얼 - 대만(English) 모바일 커넥터 Gen 2 사용자 매뉴얼 - 대만(台灣) 남아메리카 지역을 위한 리소스

모바일 커넥터 Gen 2 사용자 매뉴얼 - 콜롬비아(Español) 모바일 커넥터 Gen 2 사용자 매뉴얼 - 콜롬비아(Español)"
테슬라,기능 및 충전,충전 및 어댑터,Gen 1 모바일 커넥터 사용자 매뉴얼,"지침, 문제 해결 단계 등을 보려면 모바일 커넥터 Gen 1 사용자 매뉴얼을 다운로드하세요 북미 지역을 위한 리소스

Gen 1 모바일 커넥터
모바일 커넥터 Gen 1 사용자 매뉴얼 - 북미(English)
모바일 커넥터 Gen 1 사용자 매뉴얼 - 북미(Français)
유선 모바일 커넥터
코드형 모바일 커넥터 Gen 1 사용자 매뉴얼 - 북미(English)
코드형 모바일 커넥터 Gen 1 사용자 매뉴얼 - 북미(Español)
코드형 모바일 커넥터 Gen 1 사용자 매뉴얼 - 북미(Français) Gen 1 모바일 커넥터 모바일 커넥터 Gen 1 사용자 매뉴얼 - 북미(English) 모바일 커넥터 Gen 1 사용자 매뉴얼 - 북미(Français) 유선 모바일 커넥터 코드형 모바일 커넥터 Gen 1 사용자 매뉴얼 - 북미(English) 코드형 모바일 커넥터 Gen 1 사용자 매뉴얼 - 북미(Español) 코드형 모바일 커넥터 Gen 1 사용자 매뉴얼 - 북미(Français) 유럽용 리소스

Gen 1 모바일 커넥터
모바일 커넥터 Gen 1 사용자 매뉴얼 - 유럽(Dansk)
모바일 커넥터 Gen 1 사용자 매뉴얼 - 유럽(Deutsch)
모바일 커넥터 Gen 1 사용자 매뉴얼 - 유럽(English)
모바일 커넥터 Gen 1 사용자 매뉴얼 - 유럽(Italiano)
모바일 커넥터 Gen 1 사용자 매뉴얼 - 유럽(Nederlands)
모바일 커넥터 Gen 1 사용자 매뉴얼 - 유럽(Norsk)
모바일 커넥터 Gen 1 사용자 매뉴얼 - 유럽(Suomi)
모바일 커넥터 Gen 1 사용자 매뉴얼 - 유럽(Svenska)
유선 모바일 커넥터
코드형 모바일 커넥터 Gen 1 사용자 매뉴얼 - 유럽(Català)
코드형 모바일 커넥터 Gen 1 사용자 매뉴얼 - 유럽(Čeština)
코드형 모바일 커넥터 Gen 1 사용자 매뉴얼 - 유럽(Dansk)
코드형 모바일 커넥터 Gen 1 사용자 매뉴얼 - 유럽(Deutsch)
코드형 모바일 커넥터 Gen 1 사용자 매뉴얼 - 유럽(English)
코드형 모바일 커넥터 Gen 1 사용자 매뉴얼 - 유럽(Español)
코드형 모바일 커넥터 Gen 1 사용자 매뉴얼 - 유럽(Français)
코드형 모바일 커넥터 Gen 1 사용자 매뉴얼 - 유럽(Hrvatski)
코드형 모바일 커넥터 Gen 1 사용자 매뉴얼 - 유럽(Italiano)
코드형 모바일 커넥터 Gen 1 사용자 매뉴얼 - 유럽(Magyar)
코드형 모바일 커넥터 Gen 1 사용자 매뉴얼 - 유럽(Nederlands)
코드형 모바일 커넥터 Gen 1 사용자 매뉴얼 - 유럽(Norsk)
코드형 모바일 커넥터 Gen 1 사용자 매뉴얼 - 유럽(Polski)
코드형 모바일 커넥터 Gen 1 사용자 매뉴얼 - 유럽(Português)
코드형 모바일 커넥터 Gen 1 사용자 매뉴얼 - 유럽(Română)
코드형 모바일 커넥터 Gen 1 사용자 매뉴얼 - 유럽(Suomi)
코드형 모바일 커넥터 Gen 1 사용자 매뉴얼 - 유럽(Svenska)
코드형 모바일 커넥터 Gen 1 사용자 매뉴얼 - 유럽(Slovenščina)
코드형 모바일 커넥터 Gen 1 사용자 매뉴얼 - 유럽(ελληνικά) Gen 1 모바일 커넥터 모바일 커넥터 Gen 1 사용자 매뉴얼 - 유럽(Dansk) 모바일 커넥터 Gen 1 사용자 매뉴얼 - 유럽(Deutsch) 모바일 커넥터 Gen 1 사용자 매뉴얼 - 유럽(English) 모바일 커넥터 Gen 1 사용자 매뉴얼 - 유럽(Italiano) 모바일 커넥터 Gen 1 사용자 매뉴얼 - 유럽(Nederlands) 모바일 커넥터 Gen 1 사용자 매뉴얼 - 유럽(Norsk) 모바일 커넥터 Gen 1 사용자 매뉴얼 - 유럽(Suomi) 모바일 커넥터 Gen 1 사용자 매뉴얼 - 유럽(Svenska) 유선 모바일 커넥터 코드형 모바일 커넥터 Gen 1 사용자 매뉴얼 - 유럽(Català) 코드형 모바일 커넥터 Gen 1 사용자 매뉴얼 - 유럽(Čeština) 코드형 모바일 커넥터 Gen 1 사용자 매뉴얼 - 유럽(Dansk) 코드형 모바일 커넥터 Gen 1 사용자 매뉴얼 - 유럽(Deutsch) 코드형 모바일 커넥터 Gen 1 사용자 매뉴얼 - 유럽(English) 코드형 모바일 커넥터 Gen 1 사용자 매뉴얼 - 유럽(Español) 코드형 모바일 커넥터 Gen 1 사용자 매뉴얼 - 유럽(Français) 코드형 모바일 커넥터 Gen 1 사용자 매뉴얼 - 유럽(Hrvatski) 코드형 모바일 커넥터 Gen 1 사용자 매뉴얼 - 유럽(Italiano) 코드형 모바일 커넥터 Gen 1 사용자 매뉴얼 - 유럽(Magyar) 코드형 모바일 커넥터 Gen 1 사용자 매뉴얼 - 유럽(Nederlands) 코드형 모바일 커넥터 Gen 1 사용자 매뉴얼 - 유럽(Norsk) 코드형 모바일 커넥터 Gen 1 사용자 매뉴얼 - 유럽(Polski) 코드형 모바일 커넥터 Gen 1 사용자 매뉴얼 - 유럽(Português) 코드형 모바일 커넥터 Gen 1 사용자 매뉴얼 - 유럽(Română) 코드형 모바일 커넥터 Gen 1 사용자 매뉴얼 - 유럽(Suomi) 코드형 모바일 커넥터 Gen 1 사용자 매뉴얼 - 유럽(Svenska) 코드형 모바일 커넥터 Gen 1 사용자 매뉴얼 - 유럽(Slovenščina) 코드형 모바일 커넥터 Gen 1 사용자 매뉴얼 - 유럽(ελληνικά) 아시아 태평양 지역을 위한 리소스

모바일 커넥터 Gen 1 사용자 매뉴얼 - 호주(English) 모바일 커넥터 Gen 1 사용자 매뉴얼 - 호주(English)"
테슬라,기능 및 충전,충전 및 어댑터,CHAdeMO 어댑터 사용자 매뉴얼,"지침, 문제 해결 단계 등을 보려면 CHAdeMO 어댑터 사용자 매뉴얼을 다운로드하세요 고객 리소스

CHAdeMO 어댑터 사용자 매뉴얼(Čeština)
CHAdeMO 어댑터 사용자 매뉴얼(Dansk)
CHAdeMO 어댑터 사용자 매뉴얼(Deutsch)
CHAdeMO 어댑터 사용자 매뉴얼(English)
CHAdeMO 어댑터 사용자 매뉴얼(Español)
CHAdeMO 어댑터 사용자 매뉴얼(Français)
CHAdeMO 어댑터 사용자 매뉴얼(Italiano)
CHAdeMO 어댑터 사용자 매뉴얼(Nederlands)
CHAdeMO 어댑터 사용자 매뉴얼(Norsk)
CHAdeMO 어댑터 사용자 매뉴얼(Polski)
CHAdeMO 어댑터 사용자 매뉴얼(Svenska)
CHAdeMO 어댑터 사용자 매뉴얼 - 중국(中文)
CHAdeMO 어댑터 사용자 매뉴얼 - 홍콩(繁體中文)
CHAdeMO 어댑터 사용자 매뉴얼 - 일본(日本語)
CHAdeMO 어댑터 사용자 매뉴얼 - 한국(한국어) CHAdeMO 어댑터 사용자 매뉴얼(Čeština) CHAdeMO 어댑터 사용자 매뉴얼(Dansk) CHAdeMO 어댑터 사용자 매뉴얼(Deutsch) CHAdeMO 어댑터 사용자 매뉴얼(English) CHAdeMO 어댑터 사용자 매뉴얼(Español) CHAdeMO 어댑터 사용자 매뉴얼(Français) CHAdeMO 어댑터 사용자 매뉴얼(Italiano) CHAdeMO 어댑터 사용자 매뉴얼(Nederlands) CHAdeMO 어댑터 사용자 매뉴얼(Norsk) CHAdeMO 어댑터 사용자 매뉴얼(Polski) CHAdeMO 어댑터 사용자 매뉴얼(Svenska) CHAdeMO 어댑터 사용자 매뉴얼 - 중국(中文) CHAdeMO 어댑터 사용자 매뉴얼 - 홍콩(繁體中文) CHAdeMO 어댑터 사용자 매뉴얼 - 일본(日本語) CHAdeMO 어댑터 사용자 매뉴얼 - 한국(한국어)"
테슬라,기능 및 충전,충전 및 어댑터,GB 어댑터 사용자 매뉴얼,"지침, 문제 해결 단계 등을 보려면 GB 어댑터 사용자 매뉴얼을 다운로드하세요 고객 리소스

GB DC 어댑터 사용자 매뉴얼 - 중국(English)
GB DC 어댑터 사용자 매뉴얼 - 중국(中文)
GB AC 어댑터 사용자 매뉴얼 - 중국(English)
GB AC 어댑터 사용자 매뉴얼 - 중국(中文) GB DC 어댑터 사용자 매뉴얼 - 중국(English) GB DC 어댑터 사용자 매뉴얼 - 중국(中文) GB AC 어댑터 사용자 매뉴얼 - 중국(English) GB AC 어댑터 사용자 매뉴얼 - 중국(中文)"
테슬라,기능 및 충전,충전 및 어댑터,CCS2-NACS 어댑터 사용자 매뉴얼,"CCS2-NACS 어댑터 사용자 매뉴얼을 다운로드하여 사용 지침, 문제 해결 절차 등 자세한 내용을 확인할 수 있습니다 고객 리소스

CCS2-NACS 어댑터 사용자 매뉴얼 – 북미(English)
CCS2-NACS 어댑터 사용자 매뉴얼 – 중동(عربى)
CCS2-NACS 어댑터 사용자 매뉴얼 - 대만(繁體中文) CCS2-NACS 어댑터 사용자 매뉴얼 – 북미(English) CCS2-NACS 어댑터 사용자 매뉴얼 – 중동(عربى) CCS2-NACS 어댑터 사용자 매뉴얼 - 대만(繁體中文)"
테슬라,기능 및 충전,충전 및 어댑터,CCS1-NACS 어댑터 사용자 매뉴얼,"CCS1-NACS 어댑터 사용자 매뉴얼을 다운로드하여 사용 지침, 문제 해결 절차 등 자세한 내용을 확인할 수 있습니다 고객 리소스

CCS 콤보 1 어댑터 사용자 매뉴얼 - 북미(English)
CCS 콤보 1 어댑터 사용자 매뉴얼 - 북미(Français)
CCS 콤보 1 어댑터 사용자 매뉴얼 - 북미(Español)
CCS 콤보 1 어댑터 사용자 매뉴얼 - (한국어)‎ CCS 콤보 1 어댑터 사용자 매뉴얼 - 북미(English) CCS 콤보 1 어댑터 사용자 매뉴얼 - 북미(Français) CCS 콤보 1 어댑터 사용자 매뉴얼 - 북미(Español) CCS 콤보 1 어댑터 사용자 매뉴얼 - (한국어)‎"
테슬라,기능 및 충전,충전 및 어댑터,CCS 콤보 2 어댑터 사용자 매뉴얼,"지침, 문제 해결 단계 등을 보려면 CCS 콤보 2 어댑터 사용자 매뉴얼을 다운로드하세요 고객 리소스

CCS 콤보 2 어댑터 사용자 매뉴얼(Čeština)
CCS 콤보 2 어댑터 사용자 매뉴얼(Dansk)
CCS 콤보 2 어댑터 사용자 매뉴얼(Deutsch)
CCS 콤보 2 어댑터 사용자 매뉴얼(English)
CCS 콤보 2 어댑터 사용자 매뉴얼(Español)
CCS 콤보 2 어댑터 사용자 매뉴얼(Français)
CCS 콤보 2 어댑터 사용자 매뉴얼(Italiano)
CCS 콤보 2 어댑터 사용자 매뉴얼(Nederlands)
CCS 콤보 2 어댑터 사용자 매뉴얼(Norsk)
CCS 콤보 2 어댑터 사용자 매뉴얼(Polski)
CCS 콤보 2 어댑터 사용자 매뉴얼(Português)
CCS 콤보 2 어댑터 사용자 매뉴얼(Suomi)
CCS 콤보 2 어댑터 사용자 매뉴얼(Svenska) CCS 콤보 2 어댑터 사용자 매뉴얼(Čeština) CCS 콤보 2 어댑터 사용자 매뉴얼(Dansk) CCS 콤보 2 어댑터 사용자 매뉴얼(Deutsch) CCS 콤보 2 어댑터 사용자 매뉴얼(English) CCS 콤보 2 어댑터 사용자 매뉴얼(Español) CCS 콤보 2 어댑터 사용자 매뉴얼(Français) CCS 콤보 2 어댑터 사용자 매뉴얼(Italiano) CCS 콤보 2 어댑터 사용자 매뉴얼(Nederlands) CCS 콤보 2 어댑터 사용자 매뉴얼(Norsk) CCS 콤보 2 어댑터 사용자 매뉴얼(Polski) CCS 콤보 2 어댑터 사용자 매뉴얼(Português) CCS 콤보 2 어댑터 사용자 매뉴얼(Suomi) CCS 콤보 2 어댑터 사용자 매뉴얼(Svenska)"
테슬라,기능 및 충전,충전 및 어댑터,CCS 콤보 1 어댑터 사용자 매뉴얼,"지침, 문제 해결 단계 등을 보려면 CCS 콤보 1 어댑터 사용자 매뉴얼을 다운로드하세요 고객 리소스

CCS 콤보 1 어댑터 사용자 매뉴얼 - 북미(English)
CCS 콤보 1 어댑터 사용자 매뉴얼 - 북미(Français)
CCS 콤보 1 어댑터 사용자 매뉴얼(한국어)‎ CCS 콤보 1 어댑터 사용자 매뉴얼 - 북미(English) CCS 콤보 1 어댑터 사용자 매뉴얼 - 북미(Français) CCS 콤보 1 어댑터 사용자 매뉴얼(한국어)‎"
테슬라,기능 및 충전,충전 및 어댑터,J1772 어댑터 사용자 매뉴얼,"지침, 문제 해결 단계 등을 보려면 J1772 어댑터 사용자 매뉴얼을 다운로드하세요 고객 리소스

J1772 어댑터 사용자 매뉴얼(English)‎
J1772 어댑터 사용자 매뉴얼(한국어)‎ J1772 어댑터 사용자 매뉴얼(English)‎ J1772 어댑터 사용자 매뉴얼(한국어)‎ 월 커넥터 설치 가이드에서 문제 해결 단계 및 일반 정보와 안전 정보를 살펴보세요 Gen 3 월 커넥터 설치 가이드 Gen 2 월 커넥터 설치 안내서 Gen 1 월 커넥터 설치 안내서 J1772 월 커넥터 설치 안내서 범용 월 커넥터 설치 가이드"
테슬라,기능 및 충전,충전 및 어댑터,Gen 3 월 커넥터 설치 가이드,"제품 개요, 기능 및 설치 지침을 보려면 Gen 3 월 커넥터 설치 가이드를 다운로드하세요 북미 지역을 위한 리소스

Gen 3 월 커넥터 설치 가이드 - 북미(English)
Gen 3 월 커넥터 설치 가이드 - 북미(Español)
Gen 3 월 커넥터 설치 가이드 - 북미(Français) Gen 3 월 커넥터 설치 가이드 - 북미(English) Gen 3 월 커넥터 설치 가이드 - 북미(Español) Gen 3 월 커넥터 설치 가이드 - 북미(Français) 유럽 및 중동 지역을 위한 리소스

Gen 3 월 커넥터 설치 가이드 - 유럽(Čeština)
Gen 3 월 커넥터 설치 가이드 - 유럽(Dansk)
Gen 3 월 커넥터 설치 가이드 - 유럽(Deutsch)
Gen 3 월 커넥터 설치 가이드 - 유럽(English)
Gen 3 월 커넥터 설치 가이드 - 유럽(Español)
Gen 3 월 커넥터 설치 가이드 - 유럽(Français)
Gen 3 월 커넥터 설치 가이드 - 유럽(Italiano)
Gen 3 월 커넥터 설치 가이드 - 유럽(Lietuvių)
Gen 3 월 커넥터 설치 가이드 - 유럽(Nederlands)
Gen 3 월 커넥터 설치 가이드 - 유럽(Norsk)
Gen 3 월 커넥터 설치 가이드 - 유럽(Polski)
Gen 3 월 커넥터 설치 가이드 - 유럽(Português)
Gen 3 월 커넥터 설치 가이드 - 유럽((Slovenčina)
Gen 3 월 커넥터 설치 가이드 - 유럽(Slovenski)
Gen 3 월 커넥터 설치 가이드 - 유럽(Suomi)
Gen 3 월 커넥터 설치 가이드 - 유럽(Svenska)
Gen 3 월 커넥터 설치 가이드 - 유럽(Türkçe)
Gen 3 월 커넥터 설치 가이드 - 유럽(ελληνικά)
Gen 3 월 커넥터 설치 가이드 - 중동(עִבְרִית)
Gen 3 월 커넥터 설치 가이드 - 중동(عربي) Gen 3 월 커넥터 설치 가이드 - 유럽(Čeština) Gen 3 월 커넥터 설치 가이드 - 유럽(Dansk) Gen 3 월 커넥터 설치 가이드 - 유럽(Deutsch) Gen 3 월 커넥터 설치 가이드 - 유럽(English) Gen 3 월 커넥터 설치 가이드 - 유럽(Español) Gen 3 월 커넥터 설치 가이드 - 유럽(Français) Gen 3 월 커넥터 설치 가이드 - 유럽(Italiano) Gen 3 월 커넥터 설치 가이드 - 유럽(Lietuvių) Gen 3 월 커넥터 설치 가이드 - 유럽(Nederlands) Gen 3 월 커넥터 설치 가이드 - 유럽(Norsk) Gen 3 월 커넥터 설치 가이드 - 유럽(Polski) Gen 3 월 커넥터 설치 가이드 - 유럽(Português) Gen 3 월 커넥터 설치 가이드 - 유럽((Slovenčina) Gen 3 월 커넥터 설치 가이드 - 유럽(Slovenski) Gen 3 월 커넥터 설치 가이드 - 유럽(Suomi) Gen 3 월 커넥터 설치 가이드 - 유럽(Svenska) Gen 3 월 커넥터 설치 가이드 - 유럽(Türkçe) Gen 3 월 커넥터 설치 가이드 - 유럽(ελληνικά) Gen 3 월 커넥터 설치 가이드 - 중동(עִבְרִית) Gen 3 월 커넥터 설치 가이드 - 중동(عربي) 아시아 태평양 지역을 위한 리소스

Gen 3 월 커넥터 설치 가이드 - 호주(English)
Gen 3 월 커넥터 설치 가이드 - 중국(中文)
Gen 3 월 커넥터 설치 가이드- 일본(日本)
Gen 3 월 커넥터 설치 가이드 - 한국(한국어)
Gen 3 월 커넥터 설치 가이드 - 뉴질랜드(English)
Gen 3 월 커넥터 설치 가이드 - 싱가포르(English)
Gen 3 월 커넥터 설치 가이드 - 대만(台灣)
Gen 3 월 커넥터 설치 가이드 - 태국(ภาษาไทย) Gen 3 월 커넥터 설치 가이드 - 호주(English) Gen 3 월 커넥터 설치 가이드 - 중국(中文) Gen 3 월 커넥터 설치 가이드- 일본(日本) Gen 3 월 커넥터 설치 가이드 - 한국(한국어) Gen 3 월 커넥터 설치 가이드 - 뉴질랜드(English) Gen 3 월 커넥터 설치 가이드 - 싱가포르(English) Gen 3 월 커넥터 설치 가이드 - 대만(台灣) Gen 3 월 커넥터 설치 가이드 - 태국(ภาษาไทย) 아프리카 지역을 위한 리소스

Gen 3 월 커넥터 설치 가이드 - 모로코((اَلْعَرَبِيَّةُ) Gen 3 월 커넥터 설치 가이드 - 모로코((اَلْعَرَبِيَّةُ) 남아메리카 지역을 위한 리소스

Gen 3 월 커넥터 설치 가이드 - 콜롬비아(Español) Gen 3 월 커넥터 설치 가이드 - 콜롬비아(Español)"
테슬라,기능 및 충전,충전 및 어댑터,Gen 2 월 커넥터 설치 가이드,"제품 개요, 기능 및 설치 지침을 보려면 Gen 2 월 커넥터 설치 가이드를 다운로드하세요 북미 지역을 위한 리소스

Gen 2 월 커넥터 설치 가이드 - 북미(English)
Gen 2 월 커넥터 설치 가이드 - 북미(Español)
Gen 2 월 커넥터 설치 가이드 - 북미(Français) Gen 2 월 커넥터 설치 가이드 - 북미(English) Gen 2 월 커넥터 설치 가이드 - 북미(Español) Gen 2 월 커넥터 설치 가이드 - 북미(Français) 유럽 및 중동 지역을 위한 리소스

Gen 2 월 커넥터 설치 가이드 - 유럽(Čeština)
Gen 2 월 커넥터 설치 가이드 - 유럽(Dansk)
Gen 2 월 커넥터 설치 가이드 - 유럽(Deutsch)
Gen 2 월 커넥터 설치 가이드 - 유럽(English)
Gen 2 월 커넥터 설치 가이드 - 유럽(Español)
Gen 2 월 커넥터 설치 가이드 - 유럽(Français)
Gen 2 월 커넥터 설치 가이드 - 유럽(Italiano)
Gen 2 월 커넥터 설치 가이드 - 유럽(Nederlands)
Gen 2 월 커넥터 설치 가이드 - 유럽(Norsk)
Gen 2 월 커넥터 설치 가이드 - 유럽(Polski)
Gen 2 월 커넥터 설치 가이드 - 유럽(Português)
Gen 2 월 커넥터 설치 가이드 - 유럽(Suomi)
Gen 2 월 커넥터 설치 가이드 - 유럽(Svenska) Gen 2 월 커넥터 설치 가이드 - 유럽(Čeština) Gen 2 월 커넥터 설치 가이드 - 유럽(Dansk) Gen 2 월 커넥터 설치 가이드 - 유럽(Deutsch) Gen 2 월 커넥터 설치 가이드 - 유럽(English) Gen 2 월 커넥터 설치 가이드 - 유럽(Español) Gen 2 월 커넥터 설치 가이드 - 유럽(Français) Gen 2 월 커넥터 설치 가이드 - 유럽(Italiano) Gen 2 월 커넥터 설치 가이드 - 유럽(Nederlands) Gen 2 월 커넥터 설치 가이드 - 유럽(Norsk) Gen 2 월 커넥터 설치 가이드 - 유럽(Polski) Gen 2 월 커넥터 설치 가이드 - 유럽(Português) Gen 2 월 커넥터 설치 가이드 - 유럽(Suomi) Gen 2 월 커넥터 설치 가이드 - 유럽(Svenska) 아시아 태평양 지역을 위한 리소스

Gen 2 월 커넥터 설치 가이드 - 호주(English)
Gen 2 월 커넥터 설치 가이드 - 중국(English)
Gen 2 월 커넥터 설치 가이드 - 중국(中文)
Gen 2 월 커넥터 설치 가이드 - 싱가포르(English)
Gen 2 월 커넥터 설치 가이드 - 홍콩(繁體中文)
Gen 2 월 커넥터 설치 가이드 - 일본(English)
Gen 2 월 커넥터 설치 가이드- 일본(日本語)
Gen 2 월 커넥터 설치 가이드 - 한국(English)
Gen 2 월 커넥터 설치 가이드 - 한국(한국어)
Gen 2 월 커넥터 설치 가이드 - 대만(English)
Gen 2 월 커넥터 설치 가이드 - 대만(台灣) Gen 2 월 커넥터 설치 가이드 - 호주(English) Gen 2 월 커넥터 설치 가이드 - 중국(English) Gen 2 월 커넥터 설치 가이드 - 중국(中文) Gen 2 월 커넥터 설치 가이드 - 싱가포르(English) Gen 2 월 커넥터 설치 가이드 - 홍콩(繁體中文) Gen 2 월 커넥터 설치 가이드 - 일본(English) Gen 2 월 커넥터 설치 가이드- 일본(日本語) Gen 2 월 커넥터 설치 가이드 - 한국(English) Gen 2 월 커넥터 설치 가이드 - 한국(한국어) Gen 2 월 커넥터 설치 가이드 - 대만(English) Gen 2 월 커넥터 설치 가이드 - 대만(台灣)"
테슬라,기능 및 충전,충전 및 어댑터,Gen 1 월 커넥터 설치 가이드,"제품 개요, 기능 및 설치 지침을 보려면 Gen 1 월 커넥터 설치 가이드를 다운로드하세요 북미 지역을 위한 리소스

Gen 1 월 커넥터 설치 가이드(부품 번호 -A 또는 -B)(English)
Gen 1 월 커넥터 설치 가이드(부품 번호 -C 또는 -D)(English) Gen 1 월 커넥터 설치 가이드(부품 번호 -A 또는 -B)(English) Gen 1 월 커넥터 설치 가이드(부품 번호 -C 또는 -D)(English) 아시아 태평양 지역을 위한 리소스

Gen 1 월 커넥터 설치 가이드 - 호주(English)
Gen 1 월 커넥터 설치 가이드 - 중국(中文)
Gen 1 월 커넥터 설치 가이드 - 홍콩(繁體中文)
Gen 1 월 커넥터 설치 가이드(부품 번호 -C 또는 -D) - 일본(日本語) Gen 1 월 커넥터 설치 가이드 - 호주(English) Gen 1 월 커넥터 설치 가이드 - 중국(中文) Gen 1 월 커넥터 설치 가이드 - 홍콩(繁體中文) Gen 1 월 커넥터 설치 가이드(부품 번호 -C 또는 -D) - 일본(日本語)"
테슬라,기능 및 충전,충전 및 어댑터,J1772 월 커넥터 설치 가이드,"제품 개요, 기능 및 설치 지침을 보려면 J1772 월 커넥터 설치 가이드를 다운로드하세요 고객 리소스

Gen 3 J1772 월 커넥터 설치 가이드(English)‎
Gen 3 J1772 월 커넥터 설치 가이드(Français)‎
J1772 월 커넥터 설치 가이드(English)
J1772 월 커넥터 설치 가이드(Español)
J1772 월 커넥터 설치 가이드(Français)
J1772 월 커넥터 설치 가이드- 일본(日本語)
J1772 월 커넥터 설치 가이드 - 대만(台灣) Gen 3 J1772 월 커넥터 설치 가이드(English)‎ Gen 3 J1772 월 커넥터 설치 가이드(Français)‎ J1772 월 커넥터 설치 가이드(English) J1772 월 커넥터 설치 가이드(Español) J1772 월 커넥터 설치 가이드(Français) J1772 월 커넥터 설치 가이드- 일본(日本語) J1772 월 커넥터 설치 가이드 - 대만(台灣)"
테슬라,기능 및 충전,충전 및 어댑터,범용 월 커넥터 설치 가이드,"제품 개요, 기능 및 설치 지침을 보려면 범용 월 커넥터 설치 가이드를 다운로드하세요 북미 지역을 위한 리소스

범용 월 커넥터 설치 가이드 - 북미(English)
범용 월 커넥터 설치 가이드 - 북미(Français) 범용 월 커넥터 설치 가이드 - 북미(English) 범용 월 커넥터 설치 가이드 - 북미(Français) 북미 충전 시스템(NACS) 적용에 대해 알아보고, 북미 DC 충전 커넥터에 대한 추가 리소스를 찾아보세요."
테슬라,기능 및 충전,충전 및 어댑터,기술 규격,"2024년 9월 30일 업데이트 - SAE J3400에 따른 SAE 권장 사항(RP)에서 NACS가 인정됨에 따라 Tesla 웹사이트에서 기술 사양 및 CAD를 삭제했습니다 설계 및 사양 파일은 이제 SAE J3400 RP에서 확인 가능합니다 범용 모바일 커넥터 3, 2유형 Gen 3 월 커넥터, 2유형 Gen 3 월 커넥터 MID, 2유형 – EU 적합성 선언 Gen 3 월 커넥터 MID, 2유형 – 제조사 적합성 선언 사용자 매뉴얼 월 커넥터 설치 가이드 및 데이터 시트 북미 충전 시스템 적합성 선언"
테슬라,기능 및 충전,공공충전소 이용,공공 충전소 이용,"CHAdeMO 어댑터, J1772 어댑터 및 CCS 콤보 1 어댑터를 사용하면 공공 충전소에서도 Tesla 차량을 충전할 수 있습니다 어댑터는 별도로 구매가 가능하며, 구매를 원하는 경우에는 가까운 Tesla 서비스 센터 또는 고객 지원팀(080-617-1399번)으로 문의하시기 바랍니다 참고: 위의 이미지는 가이드로 사용해야 합니다 이미지는 실제 제품과 다를 수 있습니다 CHAdeMO 어댑터는 KC 인증을 받았으며, 최대 50kW까지 충전할 수 있습니다 공공 DC 충전기와 호환되는 CHAdeMO 어댑터를 사용하면 Tesla 차량을 충전할 수 있습니다 충전 속도는 각 충전 시설에 따라 상이할 수 있습니다 공공 DC 충전기 제조사 목록은 아래와 같습니다 아래에서 지정하지 않은 제조사의 충전기는 충전 호환성 문제가 있을 수 있습니다 KC 인증은 공공 DC 충전기와 무조건 호환되지는 않습니다 CHAdeMO 어댑터 사용 중 문제가 있는 경우에는 고객 지원팀(080-617-1399번)으로 문의하시기 바랍니다 참고: 위의 표는 가이드로 사용해야 합니다 테스트 결과에 따라 충전기 제조사는 고객에게 사전 고지 없이 변경될 수 있습니다 공공 충전기용 CHAdeMO 어댑터 사용 방법(PDF)에 대해 자세히 알아보세요 Tesla는 제조사 지원 하에 CHAdeMO 어댑터 통신 프로토콜을 포함하는 CHAdeMO 어댑터 테스트를 완료했습니다 하지만 이미 배포된 EVSE는 운영자, 제조 연도, 프로토콜 버전 및 정비 조건 등의 제약 조건이 새로 테스트한 것과 다를 수 있으며, 이로 인해 충전이 실패할 수 있습니다 어댑터 사용 중 문제가 발생하는 경우에는 고객 지원팀(080-617-1399번) 또는 EVSE 제조사에 문의하시기 바랍니다"
테슬라,기능 및 충전,한국공인연비,타이어 소비 효율 등급,Model S Model X Model 3 Model Y
테슬라,기능 및 충전,커넥티비티,커넥티비티,"커넥티비티는 음악 및 미디어 스트리밍, 실시간 교통 정보 등 Tesla 차량에서 데이터를 통해 이용 가능한 기능을 제공하여 드라이빙 경험을 향상시키는 중요한 역할을 합니다 모든 Tesla 차량에는 스텐더드 커넥티비티가 제공됩니다 스텐더드 커넥티비티는 Tesla가 신차를 인도한 첫날 또는 서비스를 시작한 첫날(예: 시승 차량 또는 서비스 차량의 경우) 중 먼저 도래하는 시점 기준으로 8년간 추가 비용 없이 제공됩니다 인증 중고차를 구매할 경우, 해당 차량의 스텐더드 커넥티비티 액세스 기간에 대한 안내를 받게 됩니다 스텐더드 커넥티비티를 이용하면 기본 지도, 내비게이션 및 Bluetooth®를 통한 음악 스트리밍 외에도 Wi-Fi를 통해 대부분의 커넥티비티 기능을 이용할 수 있습니다 프리미엄 커넥티비티는 Wi-Fi에 더해 차량 셀룰러 연결을 통해 모든 커넥티비티 기능에 접근할 수 있게 하여, 가장 직관적이고 만족도 높은 오너십 경험을 제공합니다 프리미엄 커넥티비티는 현재 월 ₩9,900로 구독할 수 있으며, 차량 터치스크린 또는 Tesla 앱에서 언제든지 구매할 수 있습니다.3 Model S, Model 3, Model X, Model Y 및 Cybertruck을 주문하면 차량 인도 시 프리미엄 커넥티비티 체험 기간이 제공됩니다 개인용 Tesla 차량을 소유한 경우, 차량 터치스크린 또는 Tesla 앱에서 프리미엄 커넥티비티를 구독할 수 있습니다 법인 차량을 이용하는 경우에는 Tesla 앱에서 프리미엄 커넥티비티를 구독할 수 있습니다 프리미엄 커넥티비티 구독 옵션을 찾을 수 없는 경우 자세한 내용은 해당 차량 제공업체에 문의하세요 참고: 제공되는 기능은 변경될 수 있으며 하드웨어 옵션에 따라 달라질 수 있습니다 2열 디스플레이가 장착된 차량의 경우에는 2열 디스플레이의 주행 중 비디오 스트리밍 기능이 포함됩니다 하드웨어 옵션에 따라 일부 차량에서는 비디오 스트리밍 등 일부 기능이 지원되지 않습니다 차량 펌웨어 릴리스 노트를 검토하여 차량에서 사용할 수 있는 기능을 확인하세요 프리미엄 커넥티비티를 어떻게 구독하나요? 해당하는 차량일 경우 Tesla 앱 또는 차량 터치스크린에서 프리미엄 커넥티비티를 구독할 수 있습니다 Tesla 앱에서 프리미엄 커넥티비티를 구독하려면 다음 단계를 따르세요 Tesla 앱을 시작합니다 차량을 선택하세요 '업그레이드'를 터치합니다 '소프트웨어 업그레이드'를 탭합니다 프리미엄 커넥티비티 옆의 '추가'를 탭합니다 청구 옵션을 선택하세요 '체크 아웃'을 탭합니다 그런 다음 결제 세부정보를 확인하고 결제 절차를 완료하세요 참고: Tesla 앱에서 이 기능에 액세스하려면 Tesla 앱이 최신 버전인지 확인하세요 차량 터치스크린에서 프리미엄 커넥티비티를 구독하려면 다음 단계를 따르세요 차량 터치스크린에서 '컨트롤'을 터치합니다 적용 대상 차량일 경우, 프리미엄 커넥티비티 구독 옵션이 표시됩니다 구독하려면 '살짝 밀어서 구매하기'를 선택합니다 차량을 주차하고 필요한 소프트웨어 업데이트를 완료하면 프리미엄 커넥티비티 기능을 사용할 수 있습니다 청구지 주소 또는 신용카드가 등록되어 있지 않은 경우 Tesla 앱에서 구독 구매를 완료하세요 참고: 차량 터치스크린에서 구독하려면 차량에 최신 소프트웨어 버전이 있는지 확인하세요 어디서 결제 방법을 업데이트할 수 있나요? 프리미엄 커넥티비티 구독의 결제 방법을 업데이트하려면 다음 단계를 따르세요 '업그레이드'를 탭합니다 '관리'를 탭합니다 '프리미엄 커넥티비티'를 탭합니다 드롭다운에서 원하는 결제 방법을 선택합니다 Tesla 앱의 지갑 또는 Tesla 계정을 통해 결제 방법을 변경하더라도 활성 상태인 차량 구독의 결제는 자동으로 변경되지 않습니다 구독에 대한 청구서는 어디에서 볼 수 있나요? 프리미엄 커넥티비티 구독 청구서를 다운로드하여 보려면 다음 단계를 따르세요 '구독'을 탭합니다 화면 하단에서 청구서를 찾을 수 있습니다 Tesla 계정에서 '차량 관리하기' > '문서'로 이동하여 구독 청구서를 다운로드할 수도 있습니다 프리미엄 커넥티비티 구독 요금이 언제 내 결제 방법으로 청구되나요? 구독을 구입하면 결제가 즉시 시작되거나 체험판 기간이 종료된 후에 결제가 시작됩니다 여러 가지 구독 결제 방법을 사용할 수 있나요? 네. 결제 방법은 수정하거나 추가할 수 있습니다 각 구독에 하나의 결제 방법만 사용할 수 있지만, 구독마다 다른 결제 방법을 사용할 수도 있습니다 프리미엄 커넥티비티 구독은 어떤 나라에서 제공되나요? 프리미엄 커넥티비티 구독은 현재 아래 나열된 국가 및 지역의 요건을 충족하는 고객이 이용할 수 있습니다 북아메리카
                      

            미국, 캐나다, 멕시코 및 푸에르토리코
                      

            유럽
                      

            오스트리아, 벨기에, 크로아티아, 체코, 덴마크, 에스토니아, 핀란드, 프랑스, 독일, 그리스, 헝가리, 아이슬란드, 아일랜드, 이탈리아, 리투아니아, 룩셈부르크, 네덜란드, 노르웨이, 폴란드, 포르투갈, 루마니아, 슬로베니아, 슬로바키아, 스페인, 스웨덴, 스위스, 튀르키예, 영국
                      

            아시아 태평양
                      

            중국, 호주, 뉴질랜드, 홍콩, 마카오, 말레이시아, 일본, 필리핀, 싱가포르, 대한민국, 대만 및 태국 프리미엄 커넥티비티 구독은 현재 아래 나열된 국가 및 지역의 요건을 충족하는 고객이 이용할 수 있습니다 누가 프리미엄 커넥티비티를 구독할 수 있나요? Tesla 차량 모델, 트림, 모델 연식과 주문 날짜에 따라 프리미엄 커넥티비티 구독 자격이 달라질 수 있습니다 다음 단계를 통해 프리미엄 커넥티비티 구독 자격 여부를 판단할 수 있습니다
Tesla 앱을 시작합니다 '업그레이드' > '소프트웨어 업그레이드'를 탭합니다 적용 대상일 경우, 프리미엄 커넥티비티 구독 옵션이 표시됩니다 다음 단계를 통해 프리미엄 커넥티비티 구독 자격 여부를 판단할 수 있습니다 Tesla 앱을 시작합니다 스탠더드 커넥티비티 및 프리미엄 커넥티비티 비용은 얼마입니까? 스탠더드 커넥티비티는 추가 비용 없이 차량에 기본 제공되며, 제공 기간은 Tesla가 해당 차량을 신차로 최초 인도한 날 또는 차량이 최초로 운용을 시작한 날(예: 판매 이전 데모/서비스 용도로 운용된 이력이 있는 경우) 중 더 이른 날짜부터 8년입니다 인증 중고차를 구매하는 경우, 해당 차량에 포함된 스탠더드 커넥티비티의 제공 기간이 얼마나 되는지에 대해 별도로 안내해 드립니다 프리미엄 커넥티비티는 월 구독형 서비스로 제공됩니다 차량의 터치스크린 또는 Tesla 앱에서 프리미엄 커넥티비티 구독 요금을 확인할 수 있습니다 프리미엄 커넥티비티을 취소할 수 있나요? 예. Tesla 앱에서 언제든지 프리미엄 커넥티비티 구독을 취소할 수 있습니다 Tesla 앱에서 구독을 취소하려면 아래의 Tesla 앱을 다운로드하세요 구독 취소

프리미엄 커넥티비티 구독을 취소하려면 다음 단계를 따르세요 '업그레이드' > '관리'를 탭합니다 프리미엄 커넥티비티를 찾아 '관리'를 탭합니다 '구독 취소하기'를 탭합니다 프리미엄 커넥티비티 구독을 취소하려면 다음 단계를 따르세요 프리미엄 커넥티비티 구독 영수증은 어떻게 확인하나요? Tesla 앱에서 프리미엄 커넥티비티 영수증을 찾으세요 Tesla 앱에서 영수증을 찾는 방법:
Tesla 앱을 시작합니다 '업그레이드' > '업그레이드 관리'를 탭합니다 프리미엄 커넥티비티를 찾아 '관리'를 터치합니다 Tesla 앱에서 영수증을 찾는 방법: Tesla 앱을 시작합니다 결제된 구독 기간을 채우지 않고 다음 결제일이 오기 전 프리미엄 커넥티비티 구독을 취소하면 환불받을 수 있나요? 예. 프리미엄 커넥티비티 구독은 언제든지 취소할 수 있으며, 사용한 기간을 계산하여 제외하고 환불해 드립니다 환불이 처리되기까지 영업일 기준 3~5일이 걸립니다 프리미엄 커넥티비티 구독을 한 차량에서 다른 차량으로 이전할 수 있나요? 아니요 프리미엄 커넥티비티 구독은 다른 차량으로 양도할 수 없습니다 현재 프리미엄 커넥티비티 구독을 취소할 수 있으며, 보유하고 있는 다른 차량이 자격 요건을 충족하는 경우 다른 차량의 터치스크린 또는 Tesla 앱에서 프리미엄 커넥티비티를 구독할 수 있습니다 Tesla 차량을 리스하는 경우에도 프리미엄 커넥티비티를 구독할 수 있나요? 예. Tesla를 통해 차량을 리스하는 경우 프리미엄 커넥티비티를 구독하고 결제 방법을 관리할 수 있습니다 제3자를 통해 차량을 리스하는 경우 제3자에게 직접 연락하여 본인이 구독료 결제자로 지정되었는지 확인하세요 그렇지 않은 경우 Tesla 계정의 기본 결제 인으로 본인을 지정하도록 리스 제공자에게 요청하세요 이후에는 Tesla 앱에서 프리미엄 커넥티비티를 구독하고 결제 방법을 관리 할 수 있습니다 참고: 리스 차량이 Tesla 계정에서 삭제되면 Tesla 앱에서 프리미엄 커넥티비티 영수증 확인 기능이 제한됩니다 영수증을 검색하려면 고객 지원팀에 문의하세요 스탠더드 커넥티비티가 포함된 차량은 무선 소프트웨어 업데이트를 계속 받을 수 있나요? 네. 모든 차량은 무선 소프트웨어 업데이트에 액세스할 수 있습니다 무선 소프트웨어 업데이트와 최신 버전을 확인하는 방법에 대해 자세히 알아보세요 스탠더드 커넥티비티에 차량에 내장된 지도와 내비게이션 기능이 포함되어 있나요? 예. 스텐더드 커넥티비티가 적용된 모든 차량은 프리미엄 커넥티비티가 적용된 차량과 동일하게 교통 정보를 반영한 경로 설정, 트립 플래너 및 수퍼차저 스톨 이용 현황 등을 포함한 차량에 내장된 기본 지도 및 내비게이션 기능을 이용할 수 있습니다 인증 중고차를 구매할 경우에는 해당 차량의 스텐더드 커넥티비티 액세스 기간에 대한 안내를 받게 됩니다 위성 지도 및 실시간 교통 정보는 프리미엄 커넥티비티 이용 시에만 적용됩니다 스텐더드 커넥티비티 이용 시 어떤 음악 및 미디어를 사용할 수 있나요? 스텐더드 커넥티비티는 Bluetooth® 페어링, FM 라디오, USB 드라이브를 통한 미디어 재생을 지원합니다 셀룰러 데이터를 통해 음악 및 미디어 스트리밍을 이용하려면 프리미엄 커넥티비티가 필요합니다 스탠더드 및 프리미엄 커넥티비티 모두 음악 및 미디어 스트리밍에 액세스하려면 타사 스트리밍 서비스를 유료 구독해야 합니다 프리미엄 커넥티비티 구독이 풀 셀프 드라이빙(감독형) 기능에 영향을 주나요? 프리미엄 커넥티비티 구독은 풀 셀프 드라이빙(감독형) 기능의 작동 방식에 영향을 주지 않습니다 최신 수정 사항과 개선 기능을 이용할 수 있도록 차량 소프트웨어를 최신 상태로 유지할 것을 권장합니다 참고로 모든 차량은 무선 소프트웨어 업데이트를 지원합니다 참고:  주요 안전 업데이트는 차량의 셀룰러 연결을 통해 지속적으로 받을 수 있습니다 모바일 핫스팟(테더링)을 사용하여 프리미엄 커넥티비티 기능을 받을 수 있나요? 스텐더드 커넥티비티에서 Wi-Fi를 통해 이용할 수 있었던 비디오 스트리밍 및 인터넷 브라우저 등 일부 기능을 모바일 핫스팟(테더링)을 통해서도 이용할 수 있으며, 이 경우 이동통신사에 따라 요금 및 제한이 적용될 수 있습니다 데이터 사용량에 제한이 있나요? 예. 데이터 사용량이 과도한 것으로 간주되고 일일 사용량을 초과하는 경우, Tesla는 연결 대역폭을 줄일 수 있는 권한을 보유합니다 스탠더드 커넥티비티가 만료된 후 제한될 수 있는 커넥티비티 기능은 무엇인가요? 스탠더드 커넥티비티가 없으면 이동통신 데이터 또는 타사 라이선스를 사용하는 기능을 포함하여 일부 커넥티비티 기능에 대한 액세스가 변경 또는 제거될 수 있습니다 현재 변경될 수 있는 이러한 스탠더드 커넥티비티 기능에는 지도, 내비게이션 및 음성 명령 등이 포함됩니다 차량 터치스크린에서 프리미엄 커넥티비티 구매 기능을 끌 수 있나요? 예. 다음 단계에 따라 차량 터치스크린에서 구매 기능을 제한할 수 있습니다 원하는 차량을 선택합니다 '업그레이드' > '관리'를 탭합니다 차량 내 업그레이드를 위해 토글을 밀어서 켜거나 끕니다 스탠더드 커넥티비티를 계속해서 무료로 받을 수 있는 차량은 무엇인가요? 2022년 7월 20일 또는 그 이전에 주문한 모든 Tesla 신차는 차량을 사용하는 동안 스탠더드 커넥티비티를 무료로 이용할 수 있습니다(차량에 외부적으로 제공되는 기능 및 서비스에 필요한 새로 장착 또는 업그레이드 제외. 예: 이동통신망). 향후 추가 기능 및 서비스를 사용할 수 있게 되면 커넥티비티 요금제를 업그레이드할 수 있습니다 프리미엄 커넥티비티를 계속해서 무료로 받을 수 있는 차량은 무엇인가요? 차량을 사용하는 동안 기존 프리미엄 커넥티비티 기능을 무료로 이용할 수 있는지 여부(차량에 외부적으로 제공되는 기능이나 서비스에 필요한 장착 또는 업그레이드 제외. 예: 이동통신망)는 Tesla 차량 및 주문 날짜에 따라 다를 수 있습니다 향후 추가 기능 및 서비스를 사용할 수 있게 되면 커넥티비티 요금제를 업그레이드할 수 있습니다 다음 단계에 따라 차량에 무료 프리미엄 커넥티비티가 제공되는지 여부를 판단할 수 있습니다 적용 대상일 경우, '활성' 탭에 '무료 프리미엄 커넥티비티'가 표시됩니다 Tesla에서 구매한 Tesla 인증 중고차에는 어떤 커넥티비티 요금제가 적용되나요? 2022년 7월 20일 이후에 구매한 모든 Tesla 인증 중고차에는 Tesla가 해당 차량을 신차로 인도한 첫날 또는 서비스(예: 시승 차량 또는 서비스 차량으로 사용하는 것)를 시작한 첫날 중 먼저 도래한 날짜부터 8년 중 남은 기간 동안 스텐더드 커넥티비티가 제공됩니다 개인적으로 구매하여 소유권을 이전한 Tesla 차량에는 어떤 커넥티비티 요금제가 적용되나요? 위에 언급된 표에 따라 프리미엄 커넥티비티를 이용할 자격이 있으며 개인적으로 또는 타사를 통해 구매했고 2020년 1월 20일 이전에 소유권을 이전한 Tesla 차량은 차량을 사용하는 동안 프리미엄 커넥티비티를 무료로 이용할 수 있습니다(차량에 외부적으로 제공되는 기능이나 서비스에 필요한 장착 또는 업그레이드 제외. 예: 이동통신망).
차량을 사용하는 동안 프리미엄 커넥티비티 또는 활성화된 프리미엄 커넥티비티 체험판이 없으며 개인적으로 또는 제3자를 통해 구매했고 2020년 1월 21일 이후에 소유권을 이전한 Tesla 차량은 구독 자격이 주어지기 전까지 프리미엄 커넥티비티 30일 체험판이 제공됩니다 체험판은 소유권이 이전된 날부터 시작되며, 구매자는 Tesla 앱에서 차량 소유권을 신청해야 합니다 체험판 이용 일정은 연기 또는 변경할 수 없습니다 개인적으로 또는 타사를 통해 구매했고 2022년 7월 20일 이전에 소유권을 이전한 Tesla 차량에는 차량을 사용하는 동안 스텐더드 커넥티비티 기능이 무료로 제공됩니다(차량에 외부적으로 제공되는 기능이나 서비스에 필요한 장착 또는 업그레이드 제외. 예: 이동통신망). 개인적으로 또는 타사를 통해 구매했고 2022년 7월 20일 이후에 소유권을 이전했지만 차량을 사용하는 동안 스텐더드 커넥티비티 기능이 적용되지 않은 Tesla 차량에는 Tesla가 해당 차량을 신차로 인도한 첫날 또는 서비스(예: 시승 차량 또는 서비스 차량으로 사용하는 것)를 시작한 첫날 중 먼저 도래하는 날짜부터 8년 중 남은 기간 동안 스텐더드 커넥티비티 기능이 제공됩니다 참고: 최초 판매 시점부터 재판매 이전 시점까지 Tesla가 소유했던 차량의 경우에는 차량의 구매 또는 생산 날짜에 관계없이 차량 수명 동안 프리미엄 커넥티비티가 포함되지 않습니다 위에 언급된 표에 따라 프리미엄 커넥티비티를 이용할 자격이 있으며 개인적으로 또는 타사를 통해 구매했고 2020년 1월 20일 이전에 소유권을 이전한 Tesla 차량은 차량을 사용하는 동안 프리미엄 커넥티비티를 무료로 이용할 수 있습니다(차량에 외부적으로 제공되는 기능이나 서비스에 필요한 장착 또는 업그레이드 제외. 예: 이동통신망). 차량을 사용하는 동안 프리미엄 커넥티비티 또는 활성화된 프리미엄 커넥티비티 체험판이 없으며 개인적으로 또는 제3자를 통해 구매했고 2020년 1월 21일 이후에 소유권을 이전한 Tesla 차량은 구독 자격이 주어지기 전까지 프리미엄 커넥티비티 30일 체험판이 제공됩니다 차량을 개인 간 거래로 판매하고 소유권을 이전할 경우, 프리미엄 커넥티비티 구독은 어떻게 처리되나요? 차량을 판매하고 소유권을 이전한 후 Tesla 계정에서 해당 차량이 삭제되면, 관련 프리미엄 커넥티비티 구독도 자동으로 해지됩니다 프리미엄 커넥티비티를 체험할 수 있는 기간이 있나요? Tesla 차량 모델, 트림, 모델 연식과 주문 날짜에 따라 프리미엄 커넥티비티 체험판 이용 자격이 달라집니다 차량 주문 시, 하단으로 이동하여 '가격 세부 정보 표시하기'를 선택하고 인도 날짜부터 시작되는 프리미엄 커넥티비티 체험판의 제공 여부를 확인하세요 체험판이 종료되면 프리미엄 커넥티비티를 구독할 수 있습니다 프리미엄 커넥티비티 체험판이 만료될 때 어떤 알림을 받나요? 무료 체험 종료 1주일 전, 프리미엄 커넥티비티 구독 방법에 대한 안내 이메일이 발송됩니다 또한 Tesla 앱에서 아래 절차를 통해 무료 체험 종료일을 확인할 수 있습니다 '업그레이드' > '관리' > '프리미엄 커넥티비티'를 탭합니다 무료 체험 종료일은 세부 정보를 통해 확인할 수 있습니다 프리미엄 커넥티비티 포함 여부를 어떻게 확인하나요? Tesla 앱에서 아래 절차를 통해 프리미엄 커넥티비티 사용 여부를 확인할 수 있습니다 '활성(Active)' 상태 아래에서 '프리미엄 커넥티비티'를 찾습니다 아래 절차를 수행하여 차량의 터치스크린에서 프리미엄 커넥티비티 사용 여부를 확인할 수도 있습니다 '컨트롤' > '소프트웨어'를 탭합니다 프리미엄 커넥티비티가 목록에 표시되는지 확인합니다 차량이 셀룰러 네트워크에 연결되어 있는지 어떻게 확인하나요? 차량의 셀룰러 연결 상태를 확인하려면 차량 터치스크린에서 '컨트롤'을 탭합니다 우측 상단의 막대 아이콘을 찾으세요 막대 수는 셀룰러 연결 신호 강도를 나타냅니다 Wi-Fi와 셀룰러 데이터의 차이점은 무엇인가요? 셀룰러 데이터는 무선 데이터 연결이며 스마트폰과 마찬가지로 이동통신사의 기지국 범위 내에 있으면 작동됩니다 Wi-Fi에 연결하려면 차량이 라우터와 근접한 곳에 있어야 하며 집에서 노트북을 Wi-Fi에 연결하는 것과 유사합니다 커넥티비티 이용에 필요한 이동통신망은 Tesla에서 제공되나요? 아니오. 이동통신망은 이동통신사에서 제공하며 Tesla는 연결 품질 또는 서비스 범위에 대해 책임을 지지 않습니다 프리미엄 커넥티비티가 작동하지 않으면 어떻게 해야 하나요? 프리미엄 커넥티비티가 작동하지 않는 경우 다음을 확인합니다 프리미엄 커넥티비티 구독이 만료되지 않았는지 여부.
이용하려는 타사 스트리밍 서비스에 가입되어 있는지 여부.
Tesla 차량에 최신 소프트웨어 버전이 설치되어 있는지 여부.
Tesla 차량의 셀룰러 연결이 안정적인지 여부.
Tesla 차량이 Wi-Fi에 연결되어 있지 않은지 여부. 프리미엄 커넥티비티가 작동하지 않는 경우 다음을 확인합니다 프리미엄 커넥티비티 구독이 만료되지 않았는지 여부. 이용하려는 타사 스트리밍 서비스에 가입되어 있는지 여부. Tesla 차량에 최신 소프트웨어 버전이 설치되어 있는지 여부. Tesla 차량의 셀룰러 연결이 안정적인지 여부. Tesla 차량이 Wi-Fi에 연결되어 있지 않은지 여부. 차량의 셀룰러 연결이 불안정합니다 어떻게 해결할 수 있나요? 환경적 요인 또는 기술적 문제 등 여러 이유로 차량의 연결이 불안정할 수 있습니다 연결 품질 개선을 위해 다음 중 하나를 시도합니다 차량 터치스크린을 재시작하세요 일부 지역은 다른 지역보다 셀룰러 신호가 강할 수 있으므로, 다른 위치에서 다시 시도합니다 문제가 지속되면 Tesla 앱에서 정비 예약을 진행합니다 참고: 문제 해결 전에 먼저 최신 소프트웨어 버전 여부를 확인합니다 프리미엄 커넥티비티를 사용 중이나 일부 기능이 작동하지 않습니다 먼저 차량에 최신 소프트웨어 버전이 설치되어 있고 셀룰러 연결이 안정적인지 확인합니다 그런 다음 프리미엄 커넥티비티 관련 기능들을 테스트해, 문제가 특정 기능에 한정된 것인지 여러 기능 전반에 해당하는지 확인합니다 프리미엄 커넥티비티의 특정 기능만 동작하지 않는 경우, 고객 지원팀에 연락해 문제를 보고합니다 프리미엄 커넥티비티의 여러 기능이 동작하지 않는 경우에는 차량의 터치스크린을 다시 시작합니다 음악 및 미디어 서비스가 작동하지 않습니다 어떻게 문제를 해결하나요? 프리미엄 커넥티비티를 보유 중인 경우 (스탠더드 및 프리미엄 커넥티비티 여부에 관계없이) 음악 및 미디어 스트리밍에 액세스하려면 타사의 유료 스트리밍 서비스를 구독해야 합니다 타사 스트리밍 서비스를 구독하고 있는지 확인하세요"
테슬라,서비스 및 차체 수리,서비스 방문 예약하기,Tesla 정비 예약 및 관리하기,"Tesla 앱에서 정비 일정을 예약 및 관리하고, 견적을 확인 및 승인하며, 차량의 정비 기록을 검토할 수 있습니다 Tesla 앱에서 정비 일정을 예약하려면 다음 단계를 따르세요 Tesla 앱을 시작합니다 ‘정비’를 탭합니다 지원 카테고리를 선택하고 문제를 자세히 기재합니다 화면에 나오는 절차를 따릅니다 진단이 완료되면 Tesla 앱에서 정비 예약을 진행할 수 있도록 알림을 보내드립니다 진단 결과 차량에 신속한 조치가 필요한 경우, 더 이른 정비 예약 일정을 안내해 드립니다 문의하신 내용에 정비 예약이 필요한 경우, 사진 및 보험 정보(해당하는 경우)와 같은 추가 정보를 제공해야 합니다 문의하신 내용에 정비 예약이 필요하지 않은 경우에는 문제 해결 절차를 안내해 드립니다 정비 예약을 완료한 후에는 서비스 센터 방문 또는 사고 수리센터 방문 을 준비해야 합니다 정비 예약이 완료되면 다음 단계에 따라 정비를 추가할 수 있습니다 정비 예약을 찾아 '편집'을 탭합니다 ‘서비스’ 옆에서 ‘편집’ > ‘다른 문의 추가’를 탭합니다 참고: 추가 문의 사항이 있으면 기존 예약 날짜 및 시간에 영향을 줄 수 있습니다 정비 예약이 완료되면 다음 단계에 따라 현지 서비스 팀에 메시지를 보낼 수 있습니다 정비 예약을 찾아 '서비스 팀에 메시지 보내기'를 탭합니다 서비스 팀과 메시지를 주고 받을 수 있습니다 예정된 Tesla 차량 정비 예약을 취소하려면 다음 단계를 따르세요 '요청 취소하기'를 탭합니다 차량에 필요한 정비 유형에 따라 이용 가능한 정비 예약 방법이 다를 수 있습니다 일부 정비는 서비스 센터 또는 사고 수리센터에서만 가능합니다 서비스 센터에 방문하여 정비를 받아야 하는지 확실하지 않은 경우에는 가까운 Tesla 서비스 센터에 문의하세요 Tesla 차량 정비 예약을 변경하려면 다음 단계를 따르세요 '날짜 및 시간' 옆에서 '편집'을 탭하고 새로운 날짜 및 시간을 선택합니다 Tesla 앱에 예약이 표시되지 않으면 서비스팀이 예약을 취소했을 수 있습니다 Tesla 앱의 메시지에 업데이트 정보가 표시되지 않으면 서비스팀에 문의합니다 정비 예약 방법 내 정비 예약에 정비 추가하는 방법 정비 예약과 관련하여 Tesla에 연락하는 방법 정비 예약 취소하는 방법 정비 예약 변경 방법"
테슬라,서비스 및 차체 수리,사고 수리센터 찾기,사고 수리센터 찾기,"차체 수리는 외관 손상을 고치는 것만을 의미하는 것이 아니라 Tesla 차량의 기능, 안전성 및 수명을 유지하는데도 중요합니다."
테슬라,서비스 및 차체 수리,사고 수리센터 찾기,Tesla 공인 바디샵,"Tesla 공인 바디샵은 엄격한 교육을 거쳐 높은 우수성을 인정받고 있습니다 예약을 원하시면 바디샵에 직접 문의해 주세요 Tesla Owned and Operated (Tesla 직영 사고수리센터)Tesla Inc.가 직접 소유 및 교육하고 운영하는 직영 시설입니다 도색, 접촉 사고 수리 및 전반적인 차체 수리까지 전문으로 수리 센터입니다 Tesla Preferred (Tesla 추천) Tesla 추천 공인 바디샵은 전반적으로 Tesla 사고 수리의 경험에 대한 고객 만족도가 가장 높은 ‘Tesla공인 바디샵’입니다 Tesla 공인 바디샵독립적으로 소유 및 운영되는 Tesla 공인 바디샵에는 Tesla의 교육 및 장비가 제공되며 접촉 사고 수리 및 전반적인 차체 수리까지 전문으로 수리 가능한 센터입니다 Tesla PreferredChunwoo Ilsan(천우일산)Reviews54 Reviews118, Goyang-si, GYEONGGI-DO 410-33022 km031-961-0602Websitehsjeong@lexuscw.com HK Motors Seocho BP (에이치케이모터즈 서초BP)Reviews4.427 Reviews674, SEOUL 067658 km02-579-6361Websitehk_seocho_bp@sonic.co.kr FMK Corp.(에프엠케이)Reviews4.9531 Reviews5 Yangcheon-ro 66-gil, SEOUL 157-0319 km02-6094-1200Websitefmk.tacc@hyosung.com YM Service Hannam(와이엠서비스 한남)Reviews4.912 Reviews23 Hannam-daero 21-gil, SEOUL 44019 km02-790-1173 (24 hours)ymsvc.hn@ymgroup.co.kr Zyle Pyeongchon Service(자일평촌서비스)Reviews4.618 Reviews40 Beolmal-ro, Anyang, GYEONGGI-DO 1405911 km031-421-6020Websitestudentlee@nate.com Meister Motors SeobuReviews4.557 Reviews271 Doyak-ro, Bucheon, Gyeonggi-do 1452312 km1544-2111MeisterSeobu@vwmeister.com경기도 부천시 원미구 도약로 271 Hanbul M S(한불엠앤에스)Reviews4.4526 Reviews310 Gwangnaru-ro, SEOUL 133-12014 km02-462-3008Websitetab.sungsu11@hanbulmotors.com Chunwoo Bundang(천우분당)Reviews4.854 Reviews316 Daewangpangyo-ro, Seongnam-si, GYEONGGI-DO 463-47020 km031-715-4200kimbj@cwmobility.com Zyle Bundang Service(자일분당서비스)Reviews410 Reviews148 대왕판교로, 성남시, 경기도 463-48021 km031-780-6502Websitedbs7806@naver.com YM Service Incheon(YM 서비스 인천)Reviews4.911 Reviews10 Chukhang-daero 291beon-gil, INCHEON 400-10326 km032-887-3007 (24 hours)Websiteymsvc.ic@ymgroup.co.kr T Logo Tesla Owned and Operated용인 사고수리 센터14 Jungbu-daero, Yongin-si, GYEONGGI-DO 1695627 km080-617-1399dl-kr-service-yongincollision@tesla.com Central Motors(센트럴모터스)336 정조로, 수원시, 경기도 441-39028 km031-292-1236Websitectm1236@naver.com T Logo Tesla Owned and Operated동탄 사고수리센터503-1 ,, Hwaseong-si, Gyeonggi-do 1851040 km080-617-1399DL-KR-BodyRepair-Hwaseong@tesla.com Central Motors Wonju(센트럴 원주)3 Jeongji-gil, Weonju, Gangwon-do 2633291 km080-868-5100Websitewonjutab@lexuscm.com Tesla 바디샵 센터 Tesla 공인 바디샵"
테슬라,서비스 및 차체 수리,긴급 출동 서비스,긴급 출동 서비스,Tesla 긴급 출동 서비스는 연중무휴 24시간 신속하게 서비스를 제공하는 것을 목표로 삼고 있습니다 긴급 출동 서비스 팀은 긴급 출동 지원을 전담하고 있습니다 차량에 대한 추가 지원이 필요한 경우에는 답변을 찾아보세요 안전하지 않은 곳에 있을 경우 긴급 출동 서비스에 연락하시기 바랍니다 긴급 출동 서비스를 요청하려면 Tesla에 문의하세요 서비스 요청 시 현재 위치를 찾고 문제의 원인을 파악하는데 필요한 정보를 최대한 자세히 작성해 주시기 바랍니다 Tesla 긴급 출동 서비스의 적용 범위와 관련 제한 사항을 아래에서 확인하세요 참고: 안전 및 규제상의 이유로 일부 제한 도로나 출입 제한 구역에서는 긴급 출동 서비스가 제공되지 않을 수 있습니다 서비스 제공 여부는 요청 시점에 건별로 판단합니다 해당 지역의 제한 사항에 대한 자세한 내용은 Tesla 긴급 출동 서비스에 문의하거나 현지 교통법규를 참조하시기 바랍니다.
테슬라,서비스 및 차체 수리,긴급 출동 서비스,고장,운행이 불가능한 차량 고장은 보장 대상입니다 서비스 적용 범위: 가장 가까운 서비스 센터까지 운송 서비스를 제공합니다.
테슬라,서비스 및 차체 수리,긴급 출동 서비스,타이어 펑크,타이어 펑크 또는 안전하지 않은 주행 조건을 유발할 수 있는 휠 또는 타이어 손상. 서비스 적용 범위: 가장 가까운 Tesla 서비스 센터(최대 80km)까지 견인 서비스를 제공합니다.
테슬라,서비스 및 차체 수리,긴급 출동 서비스,차량 잠김,"차량, 키팝 및 앱의 오작동으로 차량이 정상적으로 잠금 해제되지 않는 경우. 서비스 적용 범위: 차량 오너가 승인하면 고객 지원팀이 원격으로 차량 잠금을 해제합니다 필요 시 견인 서비스가 제공됩니다."
테슬라,서비스 및 차체 수리,긴급 출동 서비스,배터리 방전,"배터리가 방전되어 충전소까지 갈 수 없거나 차량이 장기간 충전되지 않은 경우. 보장 여부: 환급 비보장 대상이므로, Tesla에서 유상으로 지원해 드립니다 더 알아보거나 차량 운송을 요청하려면 Tesla 긴급 출동 서비스 팀에 연락하세요."
테슬라,서비스 및 차체 수리,긴급 출동 서비스,추가 보장 범위,위에 언급되지 않은 서비스의 경우에도 Tesla는 필요한 장비를 보유하고 있으며 지원이 가능합니다 서비스 세부 정보 및 추가 결제가 필요한 서비스에 대한 내용은 긴급 출동 서비스 정책을 검토하세요 긴급 출동 서비스 요청 서비스 범위
테슬라,서비스 및 차체 수리,차량 유지 보수,차량 유지보수,"Tesla 엔지니어는 차량의 성능, 신뢰성, 내구성, 안전성을 최적화하기 위해 유지보수 권장 사항을 지속적으로 검토하고 있습니다 내연기관 차량과 달리 Tesla 차량은 오일 교체, 연료 시스템 유지보수, 점화 플러그 교체 또는 배기 가스 검사가 필요 없습니다 회생 제동으로 배터리에 에너지를 재전달하여 브레이크의 마모를 현저하게 줄이기 때문에 브레이크 패드도 교체할 필요가 거의 없습니다 Tesla 차량에 대한 최신 유지보수 권장 사항은 사용자 매뉴얼을 확인하세요 차량 터치스크린에 표시되는 정비 요약 기능은 일반 차량 정비 작업이 마지막으로 완료된 시기를 기록하고 향후 정비 시기를 권장합니다 정비 기록은 공장 출고 초기화 후에도 차량에 보존되며, 여기서 이전에 완료된 정비 작업에 대한 기록을 확인할 수 있습니다 정비 요약에는 다음이 표시됩니다 각각의 정비 작업이 마지막으로 완료된 때(있는 경우) 기한이 만료된 작업 기한이 임박한 작업 잠시 후 기한이 만료되는 작업 각각의 정비 작업에 대한 간략한 설명 정비 요약을 통해 정비 작업 사실을 기록할 수 있습니다 이와 같이 할 경우 정비 간격이 초기화됩니다(해당하는 경우). 참고: Tesla가 정비 방문 중에 정비 요약을 업데이트할 수 있지만, 독립 수리업체 또는 DIY 도구를 활용한 정비의 경우 해당 정비 기록의 정확성을 확인할 책임은 차량 오너에게 있습니다."
테슬라,서비스 및 차체 수리,차량 유지 보수,실내 공기 필터,"Tesla 차량에는 에어 필터가 장착되어 있어 꽃가루, 산업 분진, 도로 먼지 및 기타 입자가 송풍구를 통해 들어오는 것을 방지할 수 있습니다 예약 사항은 환경에 따라 달라질 수 있습니다 차량의 실내 공기 필터 교체 여부와 최신 권장 일정을 확인하려면 차량 터치스크린에서 '컨트롤' > '정비' > '유지 보수'를 탭합니다 참고: 이 기능에 액세스하려면 차량의 소프트웨어 버전이 2024.44.25 이상이어야 합니다 다음과 같은 실내 공기 필터 교체 일정 준수를 권장합니다 Cybertruck에는 기본 실내 공기 필터가 장착되어 있지 않습니다."
테슬라,서비스 및 차체 수리,차량 유지 보수,HEPA (고성능미립자제거) 필터,"Tesla 차량에 HEPA가 장착되어 있는 경우에는 HEPA 필터와 카본 필터를 3년마다 교체하는 것을 권장합니다 Cybertruck의 경우, HEPA 필터를 2년마다 교체하거나 오프로드 또는 비포장 도로에서 주행하는 경우 1년마다 교체할 것을 권장합니다 예약 사항은 환경에 따라 달라질 수 있습니다 차량의 HEPA 필터 교체 여부와 최신 권장 일정을 확인하려면 차량 터치스크린에서 '컨트롤' > '정비' > '유지 보수'를 탭합니다 참고: 이 기능에 액세스하려면 차량의 소프트웨어 버전이 2024.44.25 이상이어야 합니다."
테슬라,서비스 및 차체 수리,차량 유지 보수,타이어 위치 교환,"급제동, 급가속, 급커브 주행은 타이어 조기 마모의 원인이 될 수 있으며 타이어 정비 횟수를 늘려야 할 수도 있습니다 타이어 위치 교환 시 Tesla 차량 타이어의 트레드 마모가 균등하게 유지되어 전체 타이어 수명을 극대화할 수 있습니다 Tesla는 주행 거리 10,000km마다 또는 두 타이어의 트레드 깊이 차이가 1.5mm 이상인 경우 중 먼저 도래하는 시점에 타이어 위치를 교체할 것을 권장합니다."
테슬라,서비스 및 차체 수리,차량 유지 보수,휠 밸런싱,"휠의 밸런스가 맞지 않으면 핸들링, 타이어 수명, 조향 부품에 영향을 줄 수 있습니다 휠 밸런싱은 차량 타이어와 휠 어셈블리 내 중량이 균등하게 분배되도록 보장하는 정비 작업입니다 필요 시 Tesla 차량의 휠 밸런싱 정비를 예약하는 것이 좋습니다 Tesla 차량 주행 중 스티어링 휠의 진동이 감지되면 휠 밸런싱 정비 작업이 필요할 수 있습니다."
테슬라,서비스 및 차체 수리,차량 유지 보수,휠 얼라인먼트,"휠 얼라인먼트가 맞지 않으면 핸들링, 타이어 수명 및 조향 부품에도 영향을 줄 수 있습니다 휠 얼라인먼트는 차량 타이어가 올바른 위치에 있도록 보장하는 정비 작업입니다 필요 시 Tesla 차량의 휠 얼라인먼트 정비를 예약하는 것이 좋습니다 다음과 같은 증상이 감지되면 Tesla 차량의 휠 얼라인먼트가 필요할 수 있습니다 고르지 않은 타이어 마모 스티어링 휠이 정위치에 있는 상태에서 차량이 좌우로 움직임 Tesla 차량에 새 타이어 세트를 장착한 후에도 휠 얼라인먼트 정비를 받는 것이 좋습니다."
테슬라,서비스 및 차체 수리,차량 유지 보수,타이어 및 휠 구성,차량 타이어 및/또는 휠을 최근에 정비한 경우 주행 경험 개선을 위해 타이어 및/또는 휠 구성을 재설정하는 것이 좋습니다 다음 단계에 따라 차량 터치스크린에서 타이어 및/또는 휠 구성을 재설정하세요 '컨트롤'을 탭합니다 '정비' > '휠 및 타이어'를 탭합니다 타이어 구성을 재설정하려면 '타이어'를 탭합니다 휠 구성을 재설정하려면 '휠'을 탭합니다 자세한 내용은 타이어 제조사의 사용자 설명서 및 보증 문서를 참조하세요.
테슬라,서비스 및 차체 수리,차량 유지 보수,브레이크 청소,"도로 제설제와 같은 환경 요인은 차량 브레이크의 부식을 유발하여 제동 성능에 영향을 줄 수 있습니다 동절기에 도로 제설제가 사용되는 지역에서 주행하는 경우, 매년 또는 20,000km마다 브레이크 세척 및 윤활 작업을 실시하는 것이 좋습니다 차량에 브레이크 캘리퍼 세척 및 윤활3 작업이 권장되는 경우, Tesla 앱에서 해당 옵션을 확인하고 선택하여 서비스 일정을 예약할 수 있습니다."
테슬라,서비스 및 차체 수리,차량 유지 보수,브레이크액 테스트,"4년마다 Tesla 정비 일정을 예약하여 브레이크액 오염 여부를 검사하고 필요 시에는 교체 작업을 실시하는 것이 좋습니다 참고: 특히 덥고 습한 환경에서 차량 견인, 내리막 산길 주행 또는 퍼포먼스 주행으로 인해 브레이크를 과도하게 사용하면 브레이크 오일 점검 및 교체를 더 자주 해주어야 할 수 있습니다."
테슬라,서비스 및 차체 수리,차량 유지 보수,에어컨 서비스,"에어컨 서비스를 받아 제습 백을 교체하면 에어컨 시스템의 수명 및 효율성을 높일 수 있습니다 히트 펌프가 없는 Tesla 차량의 경우에도 에어컨 제습 백을 교체하는 것이 좋습니다 차량 터치스크린에서 '컨트롤' > '소프트웨어' > '추가 차량 정보'를 탭하여 차량에 히트 펌프가 장착되어 있는지 확인합니다 차량에 히트 펌프가 장착되어 있는 경우, 차량 터치스크린에서 '컨트롤' > '정비' > '유지 보수'를 탭하여 차량의 에어컨 제습 백 교체 여부와 최신 권장 일정을 확인합니다 다음과 같은 에어컨 서비스 일정을 준수하시기 바랍니다."
테슬라,서비스 및 차체 수리,차량 유지 보수,윈드실드 카메라 영역 정밀 청소,카메라 시야 확보 및 최적의 기능을 위해 카메라가 위치한 윈드실드 내부를 청소하는 것이 중요합니다 필요한 경우 정비 예약을 통해 윈드실드 내부를 청소하는 것을 권장합니다 차량의 윈드실드 카메라 영역에 청소가 필요한지 확인하려면 차량 터치스크린에서 '컨트롤' > '정비' > '유지 보수'를 탭하여 유지 보수 요약을 검토하세요.
테슬라,서비스 및 차체 수리,차량 유지 보수,라디에이터 청소,시간이 지남에 따라 차량의 라디에이터에 먼지와 파편이 축적되어 차량 열 시스템의 성능에 영향을 줄 수 있습니다 시간이 지남에 따라 쌓이는 파편의 양은 주행 환경에 따라 다를 수 있습니다 필요한 경우 정비 일정을 예약하여 차량 라디에이터 검사 및 청소를 받는 것이 좋습니다 차량의 라디에이터 청소 필요 여부와 최신 권장 일정을 확인하려면 차량 터치스크린에서 '컨트롤' > '정비' > '유지 보수'를 탭합니다 참고: 이 기능에 액세스하려면 차량의 소프트웨어 버전이 2024.44.25 이상이어야 합니다.
테슬라,서비스 및 차체 수리,차량 유지 보수,겨울철 관리,"Tesla 차량의 모델 및 연식에 따라, 겨울철 도로에 제설용 염화물이 사용되는 지역에서는 모든 브레이크 캘리퍼를 12개월 또는 20,000km마다 세척하고 윤활할 것을 권장합니다 차량에 브레이크 캘리퍼 세척 및 윤활이 권장되는 경우, Tesla 앱에서 정비 방문 예약 옵션을 확인한 후 선택할 수 있습니다 고전압 배터리에 유지 보수가 필요한 경우 차량 터치스크린에 정비 방문을 예약해야 한다는 경고 메시지가 표시됩니다 고전압 배터리 시스템은 훈련 받은 정비사만 정비해야 합니다 어떤 상황에서도 배터리를 열거나 세게 두드리면 안 됩니다 고전압 부품, 케이블 또는 커넥터를 해체, 탈거 또는 교체하지 마세요 Tesla 앱에서 정비 방문을 예약합니다 내 차량에 연간 유지 보수 서비스가 필요한가요? Tesla 차량은 일반적인 연간 유지보수 및 정기적인 오일류 교환이 필요 없지만 재판매 가치 보장과 같은 선택적 프로그램에 대한 자격을 충족하려면 유지보수가 필요합니다 해당 차량에 대한 최신 유지보수 권장 사항은 사용자 매뉴얼을 확인하세요 정비 요약에 어떻게 액세스하나요? 정비 요약에 액세스하려면 차량 터치스크린에서 '컨트롤' > '정비' > '유지 보수'를 탭합니다 정비 요약에서 어떻게 주기를 초기화하나요? 타이어 위치 교환 정비의 경우에는 다음 단계를 따르세요 차량 터치스크린에서 '컨트롤' > '정비' > '유지 보수'를 탭합니다 '타이어 위치 교환' > '기록'을 탭합니다 타이어 시즌을 선택합니다 정비 유형을 선택합니다 '초기화하기'를 탭합니다 기타 모든 정비의 경우에는 다음 단계를 따르세요 초기화할 정비 주기를 터치합니다 '기록' > '확인하기'를 탭합니다 확인 팝업 창이 사라지면 정비 요약에서 주기가 초기화됩니다 이전에 차량 정비를 받은 적이 있습니다 지금 기록을 추가할 수 있나요? 자격을 갖춘 자동차 전문가는 Tesla 차량에 이전 정비 작업을 기록할 수 있습니다 정비 작업을 맡았던 자동차 전문가에게 문의하여 작업 날짜 및/또는 작업 당시의 주행거리계 판독값을 기재하도록 요청하세요 또는 정비 요약에서 새 정비 작업을 현재 기록으로 추가하여 주기를 초기화할 수 있습니다 직접 차량을 Tesla 서비스 센터로 가져가야 하나요? OTA 소프트웨어 업데이트, 원격 진단 및 모바일 서비스 테크니션의 지원으로 서비스센터 방문 필요성이 줄었습니다 차량에 서비스가 필요한 경우 Tesla 앱에서 정비 일정을 예약할 수 있습니다 차량을 Tesla 정비소가 아닌 곳에서 유지 보수나 수리하는 경우 문제 발생 시 보증 범위에 영향을 줄 수 있습니다 차량을 중고차로 판매하는 경우 새 오너에게 기존의 Tesla 정비 플랜을 이전할 수 있나요? 차량을 판매할 때 잔여 Tesla 유지 보수 플랜을 이전할 수 있습니다 소유권 이전이 처리되면 유지 보수 플랜이 새 소유자에게 이양됩니다 자세한 내용은 유지 보수 플랜 약관을 참조하세요 Tesla 정비 플랜을 취소할 수 있나요? 정비 플랜을 언제든 취소하여 남은 연간 서비스 점검 기간에 대해 환불 받을 수 있습니다 자세한 내용은 정비 플랜 약관을 참조하세요 1 Tesla는 2012년~2020년에 생산된 Model S 및 Model X 차량의 경우 2년마다 실내 공기 필터 교체를 권장합니다 2 히트 펌프가 없는 Tesla 차량의 경우에도 에어컨 제습 백을 교체할 것을 권장합니다 2012~2020년에 생산된 Model S 차량의 경우 2년마다 에어컨 제습 백을 교체할 것을 권장합니다 2017~2023년에 생산된 히트 펌프가 없는 Model 3 차량의 경우 6년마다 에어컨 제습 백을 교체할 것을 권장합니다 2015~2020년에 생산된 Model X 차량의 경우 4년마다 에어컨 제습 백을 교체할 것을 권장합니다 3 2025년 2월 이후에 생산된 Model Y 차량은 브레이크 윤활이 필요하지 않습니다 정비 요약 권장하는 유지관리 서비스 고전압 배터리 유지관리 정비 방문을 예약하는 방법"
테슬라,서비스 및 차체 수리,차량 보증,차량 보증,"Tesla 신차는 기본 차량 제한 보증, 탑승자 보호장치 제한 보증, 배터리 및 구동장치 제한 보증, 차체 및 부식 제한 보증을 포함한 신차 제한 보증으로 보호됩니다 현재 신차 제한 보증을 보려면 아래에서 해당 모델을 선택하세요 Model S Model 3 Model X Model Y Cybertruck 참고: 이 보증은 참고용으로만 사용해야 합니다 차량의 정확한 정보는 차량과 함께 제공된 보증서를 확인하세요."
테슬라,서비스 및 차체 수리,차량 보증,기본 차량 제한 보증,"기본 차량 제한 보증은 4년 또는 80,000km 중 선도래하는 시점까지 적용됩니다."
테슬라,서비스 및 차체 수리,차량 보증,탑승자 보호장치 제한 보증,"탑승자 보호장치 제한 보증은 5년 또는 100,000km 중 선도래하는 시점까지 적용됩니다."
테슬라,서비스 및 차체 수리,차량 보증,배터리 및 구동 장치 제한 보증,차량의 배터리와 구동 장치 제한 보증 기간은 아래와 같습니다.
테슬라,서비스 및 차체 수리,차량 보증,차체 부식 제한 보증,"차체 부식 제한 보증은 소재나 제작상 결함으로 인한 부식 천공(차량 차체 패널을 내부에서 외부로 관통하는 구멍)을 보장합니다 차체 부식 제한 보증은 12년 동안(주행 거리 제한 없음) 차량에 적용됩니다 참고: 2019년 2월 1일 이전에 구매한 차량에는 차체 부식 제한 보증이 적용되지 않습니다 인증 중고차 제한 보증은 Tesla에서 직접 구매한 인증 중고차 오너에게 추가적인 편리함을 제공합니다 Tesla 인증 중고차는 4년 또는 50,000마일의 기본 차량 제한 보증 범위 중 남은 부분을 보장합니다 보증 만료 이후 인증 중고차 제한 보증은 1년 또는 10,000마일의 추가 보증을 제공합니다 기본 차량 제한 보증이 이미 만료된 경우 인증 중고차 제한 보증은 1년 또는 10,000마일의 보증을 인도 날짜부터 제공합니다 인증 중고차의 경우 기존 배터리 및 구동장치 제한 보증의 잔여 기간이 그대로 적용됩니다 자세한 내용은 인증 중고차 제한 보증을 참조하시기 바랍니다 Tesla 부품, 차체 및 페인트 수리 제한 보증은 Tesla에서 직접 구매한 부품, 매장 구매 부품, 온라인 구매 부품 또는 Tesla 서비스나 Tesla 바디샵에서 구매 및 설치한 부품을 보장합니다 이 제한 보증은 Tesla가 정상적 사용 중에 발생했다고 판정한 모든 ""고장""을 해결하는 데 필요한 수리 또는 교체에 적용됩니다 고장은 Tesla가 제조하거나 공급한 부품의 정상적 사용 중에 발생하는 부품 결함 또는 제조상 결함으로 인한 보증 부품의 완전한 고장 또는 지정된 기능을 수행하는지 못함을 의미합니다 고장에는 정상적 마모와 파열로 인한 작동 성능의 점진적인 저하는 포함되지 않습니다 Tesla 부품, 차체 및 페인트 수리 제한 보증은 부품 구매일부터 시작되며, 12개월 또는 20,000km 중 해당 기준에 먼저 도달하는 시점까지 보장됩니다 다만, 일부 특정 부품 카테고리에는 다른 보증 기간이 적용됩니다 구동장치1: 4년 또는 80,000km(선도래 기준) 차량 고전압 배터리1: 4년 또는 80,000km(선도래 기준) 월 커넥터: 개인용의 경우 4년, 상업용의 경우 12개월 터치스크린 및 미디어 제어 장치: 2년 또는 40,000 km (선도래 기준) 자세한 내용은 Tesla 부품, 차체 및 페인트 수리 제한 보증을 확인하세요 차량을 Tesla 서비스 센터로 가져가야 하나요? Tesla 제한 보증으로 보장되는 서비스를 받으려면 Tesla 서비스 센터에 차량을 가져가야 합니다 다만, 보증이 적용되지 않는 수리나 정비의 경우 Tesla 서비스 센터를 이용하거나 선호하는 Tesla 이외 차량 서비스 센터를 방문할 수 있습니다 Tesla는 제3자 서비스 센터의 부적절한 수리나 정비로 인한 문제에 대해 책임지지 않습니다 이용 가능한 다양한 정비 옵션과 Tesla 앱에서 정비를 예약하는 방법에 대해 자세히 알아보세요 내 차량을 판매하는 경우 신차 제한 보증이 새 소유자에게 이전되나요? 예. 신차 제한 보증은 차량에 귀속되며 Tesla를 통해 차량의 소유권을 이전할 때 함께 이양됩니다 정비 예약 방문 시 진행된 수리가 차량 제한 보증 적용 대상인지 어떻게 확인할 수 있나요? 정비 예약일 이전에 Tesla 서비스 팀이 예약 정보를 검토하고 원격 진단을 수행한 뒤, 예정된 정비 작업에 대한 초기 견적을 사전에 산출하여 준비합니다 Tesla 앱에서 ‘차량 정비’ > ‘견적 보기’를 선택해 산출된 견적 내용을 확인할 수 있습니다 보증 적용이 예상되는 수리 항목은 견적서에서 비용이 0달러로 표시됩니다 일부 수리 항목은 보증 적용 여부를 확정하기 전에 서비스 팀의 현장 점검이 필요할 수 있습니다 이 경우 해당 수리 항목은 일시적으로 비용이 포함된 상태로 견적서에 표시될 수 있습니다 예약일에 이러한 수리 항목이 보증 적용 대상임이 확인되면, 서비스 팀이 이를 검증한 후 해당 항목의 비용을 제거합니다 보증 범위나 수리 비용에 대한 문의 사항이 있을 경우, Tesla 앱을 통해 서비스 팀에 직접 문의할 수 있습니다 참고: 초기 견적이 변경되는 경우 변경 사항을 별도 안내해 드립니다 변경된 비용에 대한 승인이 확인되지 않으면 정비 작업은 진행되지 않습니다 내 차량의 보장 범위는 어디서 확인할 수 있나요? 위에 링크가 설정된 제한 보증은 참고용으로만 사용해야 합니다 정확한 차량 관련 정보를 확인하려면 차량과 함께 제공된 제한 보증서를 참조할 수 있습니다 참고: 위의 제한 보증은 제한 보증서에 명시된 날짜 이후 Tesla에서 직접 구매한 차량에만 적용됩니다 해당 날짜 이전에 구매한 Tesla 차량은 Tesla에서 직접 구매했을 당시의 유효한 제한 보증이 적용됩니다 다음 단계를 따라 Tesla 앱에서 제한 보증 범위에 대한 상세 정보를 확인할 수 있습니다 Tesla 앱을 시작합니다 Tesla 앱 홈 화면을 맨 아래까지 스크롤한 후 '제원 및 보증'을 선택하세요 '보증' 탭을 탭하여 차량의 보증 범위를 확인하세요 내 Tesla 차량의 제한 보증은 타사 양방향 차량 어댑터 또는 충전기로 인해 발생한 손상을 보증하나요? 아니요 해당 차량의 제한 보증은 타사 차량 어댑터 또는 충전기로 인해 발생한 손상을 보증하지 않습니다 제한 보증에서 제외되는 항목의 전체 목록은 차량과 함께 제공된 제한 보증서의 '제외 및 제한' 섹션에서 확인할 수 있습니다"
테슬라,서비스 및 차체 수리,EWI,Extended Warranty Insurance (EWI),"연장 보증 보험(EWI)은 기본 차량 제한 보증이 만료된 이후 보장을 제공합니다 EWI는 기본 차량 제한 보증 기간 내에만 구매할 수 있습니다 EWI는 활성화일로부터 4년 또는 80,000km 중 먼저 도래하는 시점까지 전국 Tesla 서비스 센터에서 보장 대상 수리를 보장합니다 보장 대상 수리의 범위는 EWI 약관에서 정합니다 참고: EWI는 제조사 보증의 연장이 아닌 서비스 상품입니다 보장 범위, 약관 및 조건은 기본 차량 제한 보증과 다를 수 있으며, 모든 청구는 보험 약관의 적용을 받습니다."
테슬라,서비스 및 차체 수리,EWI,주요 혜택,EWI에는 다음과 같은 혜택이 포함됩니다 EWI 보장이 개시되기 전에는 전액 환불이 가능합니다 향후 부품비 또는 공임이 인상되더라도 추가 비용이 발생하지 않습니다 차량 매매 시 자동으로 이전됩니다
테슬라,서비스 및 차체 수리,EWI,구매 방법,다음 단계에 따라 Tesla 앱에서 EWI를 구매할 수 있습니다 Tesla 앱을 엽니다 업그레이드’ > ‘연장 보증 보험’을 탭합니다 신용카드 할부 결제가 가능합니다 EWI에 대한 자세한 내용을 확인합니다.
테슬라,서비스 및 차체 수리,EWI,문의 사항,카카오톡플러스친구: Tesla EWI Help 전화: 1544-1125 이메일: tpa_auto@tpakorea.com 웹사이트: https://www.tesla-ewi.com/
테슬라,서비스 및 차체 수리,서비스 자료 제공,서비스 자료 제공,"테슬라코리아 유한회사는 자동차 관리법 및 자동차 관리법 시행규칙에 따라 부품, 정비, 기술 지도, 교육, 고장 진단기에 대한 정보를 홈페이지를 통해 제공합니다 부품 가격은 실시간으로 갱신됩니다 부품 가격은 Tesla 미국(본사) 정책에 의거하여 사전 고지 없이 변동될 수 있습니다 자료 찾기: 자동차 부품 사용자 매뉴얼(Model S) 부품 가격 안내 표준정비 시간"
테슬라,서비스 및 차체 수리,테슬라 공인 바디샵 모집,Tesla 공인 바디샵 모집,"Tesla 공인 바디샵은 독립적으로 소유·운영되며, Tesla가 제공하는 교육 및 장비 지원을 받습니다 Tesla 공인 바디샵으로 등록하기 위한 절차 및 요건을 확인해 보세요 참고: 본 안내는 지원자의 사전 참고용으로만 제공됩니다 Tesla 공인 바디샵의 인테리어, 간판 등은 ‘GTC Agreement’의 규정이 적용됩니다"
테슬라,서비스 및 차체 수리,테슬라 공인 바디샵 모집,지원 방법,다음 절차에 따라 지원할 수 있습니다 Tesla 공인 바디샵 프로젝트 지원서를 작성하여 제출합니다 공식 템플릿에 따라 지원 서류를 엄격히 작성해 준비합니다 관련 파일을 bodyrepair-kr@tesla.com으로 발송하여 제안서를 제출합니다.
테슬라,서비스 및 차체 수리,테슬라 공인 바디샵 모집,이메일 형식 및 첨부파일 요건,"이메일 제목에는 지원 도시명, 회사명 및 'Tesla 공인 바디샵 프로젝트'를 포함해야 합니다 여러 도시에 지원하려는 경우, 도시별로 별도의 이메일과 지원 자료를 제출해야 합니다(도시별 이메일 1건). 지원서 및 증빙 서류를 포함한 모든 제출 파일의 용량은 20MB를 초과하지 않아야 합니다 파일은 이메일에 직접 첨부해야 합니다 외부 다운로드 플랫폼 또는 클라우드 저장 서비스 링크는 사용할 수 없습니다 참고: 형식, 명명 규칙, 첨부 방식 등을 포함하여 상기 요건을 엄격히 준수하지 않은 이메일 또는 지원 자료는 유효하지 않은 지원으로 간주됩니다"
테슬라,서비스 및 차체 수리,테슬라 공인 바디샵 모집,지원 절차 개요,"1단계: 지원서 제출 상기 안내된 요건에 따라 Tesla 공인 바디샵 프로젝트 지원서를 제출합니다 Tesla는 제출된 제안서에 대해 개별적으로 접수 확인서를 발송할 수 있습니다 2단계: 지원서 평가 프로젝트 평가가 공식적으로 시작되면, Tesla는 지원자가 제출한 자료를 종합적이고 다각적으로 검토합니다 프로젝트의 구체적인 일정은 프로젝트 팀의 일정에 따라 달라질 수 있습니다 3단계: 지원 결과 안내 전체 평가 절차가 완료되면, Tesla는 이메일을 통해 지원 결과를 안내합니다 다만 전체 평가 결과에 대한 개별 회신은 제공되지 않으며, Tesla가 요구하는 기준을 충족하여 최종 선정된 신청 업체에 한해 통보가 이루어집니다 참고: 위 단계별 절차는 지원 프로세스의 주요 진행 단계를 개괄적으로 안내한 것입니다 Tesla는 내부 절차 및 기준에 따라 공정성과 공평성의 원칙을 엄격히 준수하며 평가를 진행합니다 Tesla는 개인 또는 제3자 중개인을 통해 제출된 지원서는 접수하지 않습니다 모든 지원자는 정해진 절차에 따라 Tesla에 직접 지원해야 하며, 진위가 확인된 유효하고 완전한 지원 자료를 제출해야 합니다 지원서를 제출할 경우, 모든 지원자는 '법적 고지사항'에 명시된 조항에 동의한 것으로 간주됩니다 지원 절차 중 문의 사항이 있는 경우, bodyrepair-kr@tesla.com으로 이메일을 보내주시기 바랍니다 결과 또는 진행 상황에 관한 문의에는 별도로 답변드리기 어려운 점 양해 부탁드립니다."
테슬라,서비스 및 차체 수리,테슬라 공인 바디샵 모집,규정 준수 고지,"모집 및 지원 절차 전반에서 Tesla는 등록비, 지원 수수료, 기록 수수료, 처리 수수료 또는 이와 유사한 어떠한 비용도 지원자에게 부과하지 않습니다 또한 Tesla는 접대, 여행, 선물, 상품권 또는 이와 유사한 어떠한 편의나 혜택도 요청하지 않습니다 이와 같은 요청을 받은 경우, 즉시 bodyrepair-kr@tesla.com으로 신고해 주시기 바랍니다"
테슬라,서비스 및 차체 수리,서비스 포털,서비스 포털,"Tesla 차량의 전문적인 유지보수 및 수리에 관여하는 기업과 개인을 위해 만들어진 Tesla 서비스 포털에서는 정비 정보와 리소스를 제공합니다 DIY(Do It Yourself) 매뉴얼, 정비 매뉴얼, 부품 카탈로그, 배선도 등 정비와 유지보수 관련 정보에 액세스할 수 있습니다 Tesla 서비스 파트너가 되면 오프라인 매장, 긴급 출동 서비스, 재활용 및 해체 등의 업무를 수행할 수도 있습니다 Tesla 서비스 포털에서 리소스를 확인하려면 아래에서 해당 항목을 선택하세요 Model S 정비 정보 Model 3 정비 정보 Model X 정비 정보 Model Y 정비 정보 Roadster 정비 정보 진단 소프트웨어 구독 부품 및 도구 구매 Tesla 공인 사고 수리센터로 등록하기 Tesla 긴급 출동 서비스 파트너로 등록하기 재활용 및 해체 파트너로 등록하기 참고: Tesla 서비스 포털은 차량을 수리하고 정비하며, 특별한 기술과 자격증을 보유한 전문 자동차 테크니션을 대상으로 합니다 해당 구독 및 부품을 구매할 수 있는 지역에서만 이용해야 합니다."
테슬라,Tesla 계정,테슬라 앱,Tesla 앱 지원,"Tesla 앱을 사용하면 어디서든 Tesla 차량에 액세스할 수 있습니다 iOS 및 Android용 앱을 다운로드하고 Tesla 계정과 비밀번호로 로그인하세요 Tesla 앱에서 이용 가능한 기능을 사용하려면 차량 인도가 완료되고 모바일 앱 액세스가 활성화되어 있어야 합니다 주문을 완료한 후 인도를 준비 중인 경우 Tesla 계정을 통해 앱에서 동영상을 탐색할 수 있습니다 휴대폰 키로 차량을 잠금 및 잠금해제하고, 실내 온도 조절 장치를 관리하고 소프트웨어 업데이트를 확인하세요 추운 날씨에는 앱에서 바로 차량 프리컨디셔닝 및 성에 제거를 실행할 수 있습니다 어디서든 주행 가능 거리를 확인하고, 충전 한도를 설정하고, 충전 기록을 확인하세요 이동 중 앱을 사용하여 가까운 충전소를 찾을 수 있습니다 차량의 충전 방식을 분석하고 충전 유형별 평균 지출 비용과 비교한 예상 절감액을 확인하세요 결제를 관리하고 충전 및 온라인 샵 주문 내역을 확인하세요 ‘지갑‘ 메뉴에서 Tesla 계정의 결제 수단을 확인, 추가 및 삭제할 수 있습니다 서비스 일정을 예약하세요 차량 정비 예약 확인 및 관리가 가능합니다 소프트웨어 업그레이드 메뉴를 통해 차량의 추가 기능을 구매하거나 구독하세요 차량에 맞는 최신 액세서리도 구매할 수 있습니다 Tesla Shop은 Tesla 앱에서 이용할 수 있습니다 충전 장비, 차량 액세서리, Tesla 브랜드 상품 등을 구매할 수 있습니다 앱에 문제가 발생할 경우 어떻게 해결하나요? 앱이 정상적으로 작동하지 않는 경우 다음 단계를 따르세요 앱 로그인 및 로그아웃
휴대폰 전원 껐다 켜기
앱을 삭제하고 다시 설치하기
앱 성능에 문제가 있는 경우 다음 단계에 따라 앱 문제 해결을 진행합니다 Tesla 앱에서 로그아웃한 후 Tesla 계정에 연결된 이메일 주소로 다시 로그인합니다 App Store 또는 Google Play에서 제공되는 공식 Tesla 앱을 사용하고 있는지 확인합니다 Tesla 앱을 최신 버전으로 업데이트합니다 연결된 가상 사설망(VPN)을 모두 끄고 모바일 장치를 다시 시작합니다 앱을 삭제한 후 다시 설치합니다 참고: 앱을 삭제한 후 재설치하면 핸드폰 키를 사용하는 모든 차량에 대해 핸드폰 키를 다시 페어링해야 합니다 앱 로그인 및 로그아웃 휴대폰 전원 껐다 켜기 앱을 삭제하고 다시 설치하기 앱 성능에 문제가 있는 경우 다음 단계에 따라 앱 문제 해결을 진행합니다 Tesla 앱에 로그인할 수 없습니다 로그인하려면 어떻게 해야 하나요? 주문 시 사용한 이메일 주소와 비밀번호로 Tesla 앱에 로그인할 수 있습니다 해당 이메일 주소와 비밀번호로 로그인할 수 없는 경우 비밀번호를 재설정해 볼 수 있습니다 이메일 주소로 로그인하는 데 문제가 있는 경우, 다른 이메일 주소를 사용하여 주문했거나 계정 생성 시 이메일 주소의 철자를 잘못 입력했을 수 있습니다 정기적으로 사용하는 다른 이메일 주소로 로그인해 보세요 여전히 로그인할 수 없는 경우에는 고객 지원팀에 문의하세요 Tesla 앱의 버전을 어떻게 확인하나요? 사용 중인 Tesla 앱의 버전을 확인하려면 다음 단계를 따르세요 Tesla 앱을 시작합니다 오른쪽 상단의 메뉴를 탭합니다 아래로 스크롤하여 앱 버전을 찾습니다 Tesla 앱에 내 차량이 표시되지 않는 이유는 무엇인가요? Tesla 앱에서 차량이 보이지 않거나 연결 문제가 발생하는 경우 다음 단계를 따릅니다 차량이 Tesla 계정에 추가되어 있는지 확인합니다 차량을 추가하려면 오른쪽 상단의 메뉴를 탭하고 '제품 추가/삭제'를 탭한 후 '차량'을 탭하여 화면 안내에 따라 진행합니다 차량 터치스크린에서 '컨트롤' > '안전 및 보안' > '모바일 액세스 허용'을 탭하여 모바일 액세스가 활성화되어 있는지 확인합니다 문제가 계속되면 앱을 삭제한 후 재설치하고 다시 로그인합니다 모바일 액세스를 활성화하거나 비활성화하려면 어떻게 해야 하나요? 모바일 액세스를 통해 차량이 모바일 장치와 통신할 수 있습니다 차량 터치스크린에서 원격 차량 액세스를 연결하고 연결 해제합니다 모바일 장치와 차량은 모두 셀룰러 서비스에 연결되어 있어야 합니다 차량 터치스크린에서 모바일 액세스를 활성화하려면 '컨트롤' > '안전' > '모바일 액세스 허용'을 탭합니다 차량 터치스크린에서 모바일 액세스를 비활성화하려면 '컨트롤' > '안전' > '모바일 액세스 허용'을 탭하고, 보안 인증을 위해 전화번호를 입력합니다 Tesla 앱에서 ‘모바일 액세스 비활성화됨’ 오류가 표시됩니다 어떻게 해야 하나요? '모바일 액세스 비활성화됨' 오류는 차량에서 모바일 액세스가 비활성화되어 있거나 차량이 정비 모드에 있을 때 발생합니다 이 문제를 해결하려면 다음 중 하나를 시도합니다 차량 터치스크린에서 '컨트롤' > '안전 및 보안'을 탭한 후 '모바일 액세스 허용'이 활성화되어 있는지 확인합니다 차량이 현재 Tesla 서비스 센터에 있거나 진행 중인 정비 예약이 있는 경우, 정비 모드에 있을 가능성이 높습니다 정비 모드는 수리 중 안전을 위해 특정 Tesla 앱 기능을 일시적으로 비활성화합니다 차량을 인도받을 때 서비스 팀에 정비 모드가 해제되었고 모바일 액세스가 다시 활성화되었는지 확인합니다 차량 인도 후에도 문제가 계속되면 Tesla 앱에서 정비 예약을 진행합니다 이메일 주소와 비밀번호가 두 개 이상 있습니다 Tesla 계정을 하나 삭제할 수 있나요? 이메일 주소와 비밀번호가 두 개 이상인 경우에는 계속 사용할 Tesla 계정으로 모든 Tesla 제품의 소유권을 이전한 후에 더 이상 사용하지 않으려는 계정을 삭제하세요 Tesla 계정을 삭제하면 해당 계정에 연결된 Tesla 크레딧, 무료 수퍼차징 또는 기타 프로모션 혜택이 사라집니다 프로모션 혜택이 있는 Tesla 계정을 삭제하기 전에 고객 지원팀에 문의하세요 차량이 Tesla 앱에 연결되지 않으면 어떻게 해야 하나요? 이 상황은 차량이 장시간 유휴 상태이거나 차량 배터리 충전 상태가 너무 낮은 경우 발생할 수 있습니다 차량이 유휴 상태에 있으며 Tesla 앱에 연결되어 있지 않은 경우에는 차량의 절전 모드를 해제할 수 있습니다 차량의 절전 모드를 해제할 수 있는 방법은 다음과 같습니다 트렁크 열기
차량 도어 열기
브레이크 페달 밟기
Tesla 앱에서 잠금 및 잠금 해제하기
휴대폰 키에 문제가 있는 경우 Tesla 차량 키 문제 해결 방법을 확인할 수 있습니다 트렁크 열기 차량 도어 열기 브레이크 페달 밟기 Tesla 앱에서 잠금 및 잠금 해제하기 휴대폰 키에 문제가 있는 경우 Tesla 차량 키 문제 해결 방법을 확인할 수 있습니다 앱에서 다른 차량으로 어떻게 전환하나요? 다른 차량으로 전환하려면 홈 화면에서 왼쪽으로 밀어주세요 차량의 누적 주행 거리를 Tesla 앱 어디에서 확인할 수 있나요? 주행 거리는 Tesla 앱을 열고, 기본 화면에서 하단으로 스크롤하여 확인합니다 차량의 터치스크린에서 '컨트롤' > '소프트웨어' 또는 '컨트롤' > '주행'을 선택하여 주행 거리를 확인할 수 있습니다 결제 수단은 어떻게 확인, 추가 및 삭제할 수 있나요? Tesla 앱의 '지갑' 메뉴에서 결제 수단을 확인, 추가 및 삭제할 수 있습니다 '지갑'에는 Tesla 계정과 연결되어 있는 모든 결제 수단이 표시됩니다 Tesla 앱에서 결제 수단을 확인하거나 추가하려면 다음 단계를 따르세요 이름 > '지갑'을 탭합니다 새 결제 수단을 추가하려면 '추가하기'를 탭합니다 결제 수단을 기본으로 설정하려면 '지갑'에서 해당 결제 수단을 선택한 다음 '기본 결제 수단으로 설정하기'를 탭하세요 Tesla 앱에서 결제 수단을 삭제하려면 다음 단계를 따르세요 삭제하려는 결제 수단을 탭합니다 '삭제하기'를 탭합니다 참고: 프리미엄 커넥티비티와 같이 현재 월별 결제에 사용되는 결제방법을 삭제 시, 삭제 전 다른 결제방법을 선택하라는 메시지가 표시됩니다 Tesla 앱에서 수퍼차징 결제 수단을 업데이트하려면 다음 단계를 따르세요 '충전'을 탭합니다 '결제 관리'를 탭합니다"
테슬라,Tesla 계정,Refer and Earn,Refer and Earn,"추천 프로그램을 통해 기존 고객은 요건을 충족하는 Tesla 제품 구매 시 다양한 혜택을 누릴 수 있습니다 추천 프로그램에서 받은 Tesla 크레딧 형태의 기존 추천인 혜택이 있고 요건을 충족하는 Tesla 제품을 현재 소유하고 있다면, 만료일 전까지 Tesla 앱에서 해당 크레딧을 사용할 수 있습니다 참고: 이 기능에 액세스하려면 버전 4.37 이상의 Tesla 앱이 필요합니다 모바일 장치에서 Tesla 앱을 업데이트하여 앱을 최신 버전으로 설정해 주세요 로열티 혜택은 현재 요건을 충족하는 Tesla 제품을 소유하고 있고, 동일한 Tesla 계정을 사용하여 요건을 충족하는 다른 Tesla 제품을 구매하는 경우에 제공됩니다 요건을 충족하는 Tesla 제품을 이전에 소유한 적이 있고 동일한 Tesla 계정을 사용하여 요건을 충족하는 다른 Tesla 제품을 구매하는 경우에도 로열티 혜택이 제공됩니다 로열티 혜택을 받으려면 다음 단계를 따르세요 Tesla 앱을 시작합니다 오른쪽 상단의 메뉴를 탭합니다 Refer and Earn 선택하기 요건을 충족하는 제품을 보려면 크레딧 획득하기 탭의 '로열티'를 탭합니다 기존 Tesla 제품과 연결된 이메일을 사용하여 원하는 Tesla 제품을 구매합니다 주문을 완료하면 부여일 전까지 해당 혜택이 Tesla 앱에서 자동으로 '보류 중'으로 표시됩니다"
테슬라,Tesla 계정,계정 지원,Tesla 계정 지원,"Tesla 계정에서 오너 리소스, 가이드 및 중요 업데이트 등을 확인할 수 있습니다 Tesla 앱과 연동하여 차량을 원격으로 모니터링하고, 정보를 업데이트하고, 소유권을 이전할 수 있습니다 Tesla 계정 사용 방법에 대한 자세한 내용과 단계별 가이드는 다음 지원 문서 중 하나를 선택합니다 Tesla 앱에서 차량을 추가하거나 삭제하는 방법 Tesla 앱에서 결제하는 방법 운전자 권한 및 차량 액세스 추가 또는 삭제 방법 Tesla 앱에서 서비스 방문 예약 방법 Tesla 계정을 생성, 업데이트 또는 삭제하는 방법 Tesla 계정 이메일 주소를 업데이트하는 방법 Tesla 계정 국가 또는 언어를 업데이트하는 방법 Tesla 계정 비밀번호를 재설정하는 방법 인증 앱을 이용할 수 없는 경우 Tesla 계정을 복구하는 방법 Tesla 계정 보안 추가 보안 인증을 활성화 또는 비활성화하는 방법 Tesla 계정 데이터를 다운로드하는 방법 차량 및 결제 계정 관리자 계정 복구 보안 및 개인 정보"
